date,delinquency_credit_card,delinquency_commercial,chargeoff_credit_card,unemployment_rate,credit_spread_baa,fed_funds_rate,recession_flag,delinquency_credit_card_lag1,delinquency_credit_card_lag3,delinquency_credit_card_lag6,delinquency_credit_card_rolling3_mean,delinquency_credit_card_mom,delinquency_commercial_lag1,delinquency_commercial_lag3,delinquency_commercial_lag6,delinquency_commercial_rolling3_mean,delinquency_commercial_mom,chargeoff_credit_card_lag1,chargeoff_credit_card_lag3,chargeoff_credit_card_lag6,chargeoff_credit_card_rolling3_mean,chargeoff_credit_card_mom,unemployment_rate_lag1,unemployment_rate_lag3,unemployment_rate_lag6,unemployment_rate_rolling3_mean,unemployment_rate_mom,credit_spread_baa_lag1,credit_spread_baa_lag3,credit_spread_baa_lag6,credit_spread_baa_rolling3_mean,credit_spread_baa_mom,fed_funds_rate_lag1,fed_funds_rate_lag3,fed_funds_rate_lag6,fed_funds_rate_rolling3_mean,fed_funds_rate_mom,credit_stress_index
2000-01-31,4.43,2.11,4.49,4.0,1.68,5.45,0,,,,,,,,,,,,,,,,,,,,,,,,,,,,,,,-0.35893235306604726
2000-02-29,4.43,2.11,4.49,4.1,1.91,5.73,0,4.43,,,,0.0,2.11,,,,0.0,4.49,,,,0.0,4.0,,,,0.09999999999999964,1.68,,,,0.22999999999999998,5.45,,,,0.28000000000000025,-0.23838092226191432
2000-03-31,4.43,2.11,4.49,4.0,2.3,5.85,0,4.43,,,4.43,0.0,2.11,,,2.11,0.0,4.49,,,4.49,0.0,4.1,,,4.033333333333333,-0.09999999999999964,1.91,,,1.9633333333333332,0.3899999999999999,5.73,,,5.676666666666667,0.11999999999999922,-0.08034735038631051
2000-04-30,4.51,2.24,4.09,3.8,2.34,6.02,0,4.43,4.43,,4.456666666666666,0.08000000000000007,2.11,2.11,,2.1533333333333338,0.13000000000000034,4.49,4.49,,4.3566666666666665,-0.40000000000000036,4.0,4.0,,3.9666666666666663,-0.20000000000000018,2.3,1.68,,2.183333333333333,0.040000000000000036,5.85,5.45,,5.866666666666667,0.16999999999999993,-0.07489164577582082
2000-05-31,4.51,2.24,4.09,4.0,2.52,6.27,0,4.51,4.43,,4.483333333333333,0.0,2.24,2.11,,2.1966666666666668,0.0,4.09,4.49,,4.223333333333334,0.0,3.8,4.1,,3.9333333333333336,0.20000000000000018,2.34,1.91,,2.3866666666666667,0.18000000000000016,6.02,5.73,,6.046666666666667,0.25,0.040398633977080246
2000-06-30,4.51,2.24,4.09,4.0,2.4,6.53,0,4.51,4.43,,4.51,0.0,2.24,2.11,,2.24,0.0,4.09,4.49,,4.09,0.0,4.0,4.0,,3.9333333333333336,0.0,2.52,2.3,,2.42,-0.1200000000000001,6.27,5.85,,6.273333333333333,0.2600000000000007,-0.013521043960933343
2000-07-31,4.53,2.33,4.25,4.0,2.27,6.54,0,4.51,4.51,4.43,4.516666666666667,0.020000000000000462,2.24,2.24,2.11,2.27,0.08999999999999986,4.09,4.09,4.49,4.1433333333333335,0.16000000000000014,4.0,3.8,4.0,4.0,0.0,2.4,2.34,1.68,2.3966666666666665,-0.1299999999999999,6.53,6.02,5.45,6.446666666666666,0.009999999999999787,-0.06646071802452307
2000-08-31,4.53,2.33,4.25,4.1,2.51,6.5,0,4.53,4.51,4.43,4.523333333333333,0.0,2.33,2.24,2.11,2.3000000000000003,0.0,4.25,4.09,4.49,4.196666666666666,0.0,4.0,4.0,4.1,4.033333333333332,0.09999999999999964,2.27,2.52,1.91,2.393333333333333,0.23999999999999977,6.54,6.27,5.73,6.523333333333333,-0.040000000000000036,0.0585840192744442
2000-09-30,4.53,2.33,4.25,3.9,2.54,6.52,0,4.53,4.51,4.43,4.53,0.0,2.33,2.24,2.11,2.33,0.0,4.25,4.09,4.49,4.25,0.0,4.1,4.0,4.0,3.9999999999999996,-0.19999999999999973,2.51,2.4,2.3,2.44,0.03000000000000025,6.5,6.53,5.85,6.52,0.019999999999999574,0.037653175913067084
2000-10-31,4.57,2.52,4.39,3.9,2.56,6.51,0,4.53,4.53,4.51,4.543333333333333,0.040000000000000036,2.33,2.33,2.24,2.3933333333333335,0.18999999999999995,4.25,4.25,4.09,4.296666666666667,0.13999999999999968,3.9,4.0,3.8,3.9666666666666663,0.0,2.54,2.27,2.34,2.5366666666666666,0.020000000000000018,6.52,6.54,6.02,6.510000000000001,-0.009999999999999787,0.05758640964125231
2000-11-30,4.57,2.52,4.39,3.9,2.64,6.51,0,4.57,4.53,4.51,4.5566666666666675,0.0,2.52,2.33,2.24,2.4566666666666666,0.0,4.39,4.25,4.09,4.343333333333333,0.0,3.9,4.1,4.0,3.9,0.0,2.56,2.51,2.52,2.58,0.08000000000000007,6.51,6.5,6.27,6.513333333333333,0.0,0.09353286159992802
2000-12-31,4.57,2.52,4.39,3.9,2.88,6.4,0,4.57,4.53,4.51,4.57,0.0,2.52,2.33,2.24,2.52,0.0,4.39,4.25,4.09,4.39,0.0,3.9,3.9,4.0,3.9,0.0,2.64,2.54,2.4,2.6933333333333334,0.23999999999999977,6.51,6.52,6.53,6.473333333333334,-0.10999999999999943,0.20137221747595505
2001-01-31,4.81,2.65,4.57,4.2,2.62,5.98,0,4.57,4.57,4.53,4.6499999999999995,0.23999999999999932,2.52,2.52,2.33,2.563333333333333,0.1299999999999999,4.39,4.39,4.25,4.449999999999999,0.1800000000000006,3.9,3.9,4.0,4.0,0.30000000000000027,2.88,2.56,2.27,2.7133333333333334,-0.2599999999999998,6.4,6.51,6.54,6.296666666666667,-0.41999999999999993,0.20184211731017743
2001-02-28,4.81,2.65,4.57,4.2,2.88,5.49,0,4.81,4.57,4.53,4.7299999999999995,0.0,2.65,2.52,2.33,2.606666666666667,0.0,4.57,4.39,4.25,4.510000000000001,0.0,4.2,3.9,4.1,4.1000000000000005,0.0,2.62,2.64,2.51,2.793333333333333,0.2599999999999998,5.98,6.51,6.5,5.956666666666667,-0.4900000000000002,0.31866808617587333
2001-03-31,4.81,2.65,4.57,4.3,3.04,5.31,0,4.81,4.57,4.53,4.81,0.0,2.65,2.52,2.33,2.65,0.0,4.57,4.39,4.25,4.57,0.0,4.2,3.9,3.9,4.233333333333333,0.09999999999999964,2.88,2.88,2.54,2.846666666666667,0.16000000000000014,5.49,6.4,6.52,5.593333333333334,-0.1800000000000006,0.4077663715161652
2001-04-30,4.94,2.94,5.22,4.4,2.73,4.8,1,4.81,4.81,4.57,4.853333333333333,0.13000000000000078,2.65,2.65,2.52,2.746666666666666,0.29000000000000004,4.57,4.57,4.39,4.786666666666666,0.6499999999999995,4.3,4.2,3.9,4.3,0.10000000000000053,3.04,2.62,2.56,2.883333333333333,-0.31000000000000005,5.31,5.98,6.51,5.199999999999999,-0.5099999999999998,0.32125576899941516
2001-05-31,4.94,2.94,5.22,4.3,2.65,4.21,1,4.94,4.81,4.57,4.896666666666667,0.0,2.94,2.65,2.52,2.8433333333333333,0.0,5.22,4.57,4.39,5.003333333333333,0.0,4.4,4.2,3.9,4.333333333333333,-0.10000000000000053,2.73,2.88,2.64,2.8066666666666666,-0.08000000000000007,4.8,5.49,6.51,4.773333333333333,-0.5899999999999999,0.268103935617799
2001-06-30,4.94,2.94,5.22,4.5,2.65,3.97,1,4.94,4.81,4.57,4.94,0.0,2.94,2.65,2.52,2.94,0.0,5.22,4.57,4.39,5.22,0.0,4.3,4.3,3.9,4.3999999999999995,0.20000000000000018,2.65,3.04,2.88,2.6766666666666663,0.0,4.21,5.31,6.4,4.326666666666667,-0.23999999999999977,0.3025146984636797
2001-07-31,5.0,3.26,5.55,4.6,2.78,3.77,1,4.94,4.94,4.81,4.96,0.05999999999999961,2.94,2.94,2.65,3.046666666666667,0.31999999999999984,5.22,5.22,4.57,5.329999999999999,0.33000000000000007,4.5,4.4,4.2,4.466666666666666,0.09999999999999964,2.65,2.73,2.62,2.6933333333333334,0.1299999999999999,3.97,4.8,5.98,3.983333333333333,-0.20000000000000018,0.39455299542724215
2001-08-31,5.0,3.26,5.55,4.9,2.9,3.65,1,5.0,4.94,4.81,4.98,0.0,3.26,2.94,2.65,3.1533333333333338,0.0,5.55,5.22,4.57,5.44,0.0,4.6,4.3,4.2,4.666666666666667,0.3000000000000007,2.78,2.65,2.88,2.776666666666666,0.1200000000000001,3.77,4.21,5.49,3.796666666666667,-0.1200000000000001,0.5000888176340769
2001-09-30,5.0,3.26,5.55,5.0,3.42,3.07,1,5.0,4.94,4.81,5.0,0.0,3.26,2.94,2.65,3.26,0.0,5.55,5.22,4.57,5.55,0.0,4.9,4.5,4.3,4.833333333333333,0.09999999999999964,2.9,2.65,3.04,3.033333333333333,0.52,3.65,3.97,5.31,3.496666666666666,-0.5800000000000001,0.7509461367884093
2001-10-31,4.69,3.48,6.35,5.3,3.38,2.49,1,5.0,5.0,4.94,4.8966666666666665,-0.3099999999999996,3.26,3.26,2.94,3.3333333333333335,0.2200000000000002,5.55,5.55,5.22,5.816666666666666,0.7999999999999998,5.0,4.6,4.4,5.066666666666667,0.2999999999999998,3.42,2.78,2.73,3.233333333333333,-0.040000000000000036,3.07,3.77,4.8,3.0700000000000003,-0.5799999999999996,0.6997527443543915
2001-11-30,4.69,3.48,6.35,5.5,3.1,2.09,1,4.69,5.0,4.94,4.793333333333334,0.0,3.48,3.26,2.94,3.4066666666666663,0.0,6.35,5.55,5.22,6.083333333333333,0.0,5.3,4.9,4.3,5.266666666666667,0.20000000000000018,3.38,2.9,2.65,3.3000000000000003,-0.2799999999999998,2.49,3.65,4.21,2.55,-0.40000000000000036,0.6083509253449072
2001-12-31,4.69,3.48,6.35,5.7,2.85,1.82,0,4.69,5.0,4.94,4.69,0.0,3.48,3.26,2.94,3.48,0.0,6.35,5.55,5.22,6.35,0.0,5.5,5.0,4.5,5.5,0.20000000000000018,3.1,3.42,2.65,3.11,-0.25,2.09,3.07,3.97,2.1333333333333333,-0.2699999999999998,0.5304290258199263
2002-01-31,4.94,3.69,7.65,5.7,2.85,1.73,0,4.69,4.69,5.0,4.773333333333333,0.25,3.48,3.48,3.26,3.5499999999999994,0.20999999999999996,6.35,6.35,5.55,6.783333333333334,1.3000000000000007,5.7,5.3,4.6,5.633333333333333,0.0,2.85,3.38,2.78,2.9333333333333336,0.0,1.82,2.49,3.77,1.88,-0.09000000000000008,0.5988454054356528
2002-02-28,4.94,3.69,7.65,5.7,2.98,1.74,0,4.94,4.69,5.0,4.8566666666666665,0.0,3.69,3.48,3.26,3.6199999999999997,0.0,7.65,6.35,5.55,7.216666666666666,0.0,5.7,5.5,4.9,5.7,0.0,2.85,3.1,2.9,2.893333333333333,0.1299999999999999,1.73,2.09,3.65,1.7633333333333334,0.010000000000000009,0.6572583898685008
2002-03-31,4.94,3.69,7.65,5.7,2.81,1.73,0,4.94,4.69,5.0,4.94,0.0,3.69,3.48,3.26,3.69,0.0,7.65,6.35,5.55,7.65,0.0,5.7,5.7,5.0,5.7,0.0,2.98,2.85,3.42,2.8800000000000003,-0.16999999999999993,1.74,1.82,3.07,1.7333333333333332,-0.010000000000000009,0.580872179456315
2002-04-30,4.78,3.92,6.19,5.9,2.84,1.75,0,4.94,4.94,4.69,4.886666666666667,-0.16000000000000014,3.69,3.69,3.48,3.766666666666667,0.22999999999999998,7.65,7.65,6.35,7.163333333333334,-1.46,5.7,5.7,5.3,5.766666666666667,0.20000000000000018,2.81,2.85,3.38,2.876666666666667,0.029999999999999805,1.73,1.73,2.49,1.7400000000000002,0.020000000000000018,0.5849763788326339
2002-05-31,4.78,3.92,6.19,5.8,2.98,1.75,0,4.78,4.94,4.69,4.833333333333333,0.0,3.92,3.69,3.48,3.8433333333333337,0.0,6.19,7.65,6.35,6.676666666666667,0.0,5.9,5.7,5.5,5.800000000000001,-0.10000000000000053,2.84,2.98,3.1,2.8766666666666665,0.14000000000000012,1.75,1.74,2.09,1.7433333333333334,0.0,0.630677288337376
2002-06-30,4.78,3.92,6.19,5.8,3.13,1.75,0,4.78,4.94,4.69,4.78,0.0,3.92,3.69,3.48,3.92,0.0,6.19,7.65,6.35,6.19,0.0,5.8,5.7,5.7,5.833333333333333,0.0,2.98,2.81,2.85,2.983333333333333,0.1499999999999999,1.75,1.73,1.82,1.75,0.0,0.698076885759893
2002-07-31,4.89,3.88,6.22,5.8,3.25,1.73,0,4.78,4.78,4.94,4.816666666666666,0.10999999999999943,3.92,3.92,3.69,3.9066666666666663,-0.040000000000000036,6.19,6.19,7.65,6.2,0.02999999999999936,5.8,5.9,5.7,5.8,0.0,3.13,2.84,2.85,3.1199999999999997,0.1200000000000001,1.75,1.75,1.73,1.7433333333333334,-0.020000000000000018,0.7820997707288262
2002-08-31,4.89,3.88,6.22,5.7,3.32,1.74,0,4.89,4.78,4.94,4.853333333333333,0.0,3.88,3.92,3.69,3.893333333333333,0.0,6.22,6.19,7.65,6.21,0.0,5.8,5.8,5.7,5.766666666666666,-0.09999999999999964,3.25,2.98,2.98,3.233333333333333,0.06999999999999984,1.73,1.75,1.74,1.74,0.010000000000000009,0.796347534769727
2002-09-30,4.89,3.88,6.22,5.7,3.76,1.75,0,4.89,4.78,4.94,4.89,0.0,3.88,3.92,3.69,3.88,0.0,6.22,6.19,7.65,6.22,0.0,5.7,5.8,5.7,5.733333333333333,0.0,3.32,3.13,2.81,3.4433333333333334,0.43999999999999995,1.74,1.75,1.73,1.74,0.010000000000000009,0.9940530205424434
2002-10-31,4.84,3.88,5.54,5.7,3.82,1.75,0,4.89,4.89,4.78,4.873333333333332,-0.04999999999999982,3.88,3.88,3.92,3.88,0.0,6.22,6.22,6.19,5.993333333333333,-0.6799999999999997,5.7,5.8,5.9,5.7,0.0,3.76,3.25,2.84,3.633333333333333,0.06000000000000005,1.75,1.73,1.75,1.7466666666666668,0.0,1.007329583588305
2002-11-30,4.84,3.88,5.54,5.9,3.38,1.34,0,4.84,4.89,4.78,4.8566666666666665,0.0,3.88,3.88,3.92,3.88,0.0,5.54,6.22,6.19,5.766666666666667,0.0,5.7,5.7,5.8,5.766666666666667,0.20000000000000018,3.82,3.32,2.98,3.653333333333333,-0.43999999999999995,1.75,1.74,1.75,1.6133333333333333,-0.4099999999999999,0.8440348606614693
2002-12-31,4.84,3.88,5.54,6.0,3.48,1.24,0,4.84,4.89,4.78,4.84,0.0,3.88,3.88,3.92,3.88,0.0,5.54,6.22,6.19,5.54,0.0,5.9,5.7,5.8,5.866666666666667,0.09999999999999964,3.38,3.76,3.13,3.56,0.10000000000000009,1.34,1.75,1.75,1.4433333333333334,-0.10000000000000009,0.9061733070327542
2003-01-31,4.68,3.65,5.73,5.8,3.16,1.24,0,4.84,4.84,4.89,4.786666666666666,-0.16000000000000014,3.88,3.88,3.88,3.8033333333333332,-0.22999999999999998,5.54,5.54,6.22,5.603333333333334,0.1900000000000004,6.0,5.7,5.8,5.8999999999999995,-0.20000000000000018,3.48,3.82,3.25,3.34,-0.31999999999999984,1.24,1.75,1.73,1.2733333333333332,0.0,0.6841902533981057
2003-02-28,4.68,3.65,5.73,5.9,3.21,1.26,0,4.68,4.84,4.89,4.733333333333333,0.0,3.65,3.88,3.88,3.7266666666666666,0.0,5.73,5.54,6.22,5.666666666666667,0.0,5.8,5.9,5.7,5.8999999999999995,0.10000000000000053,3.16,3.38,3.32,3.283333333333333,0.04999999999999982,1.24,1.34,1.74,1.2466666666666668,0.020000000000000018,0.7238621672952185
2003-03-31,4.68,3.65,5.73,5.9,3.04,1.25,0,4.68,4.84,4.89,4.68,0.0,3.65,3.88,3.88,3.65,0.0,5.73,5.54,6.22,5.73,0.0,5.9,6.0,5.7,5.866666666666667,0.0,3.21,3.48,3.76,3.1366666666666667,-0.16999999999999993,1.26,1.24,1.75,1.25,-0.010000000000000009,0.6474759568830325
2003-04-30,4.53,3.56,5.96,6.0,2.76,1.26,0,4.68,4.68,4.84,4.63,-0.14999999999999947,3.65,3.65,3.88,3.6199999999999997,-0.08999999999999986,5.73,5.73,5.54,5.8066666666666675,0.22999999999999954,5.9,5.8,5.7,5.933333333333334,0.09999999999999964,3.04,3.16,3.82,3.0033333333333334,-0.28000000000000025,1.25,1.24,1.75,1.2566666666666666,0.010000000000000009,0.49781892868117184
2003-05-31,4.53,3.56,5.96,6.1,2.85,1.26,0,4.53,4.68,4.84,4.580000000000001,0.0,3.56,3.65,3.88,3.59,0.0,5.96,5.73,5.54,5.883333333333333,0.0,6.0,5.9,5.9,6.0,0.09999999999999964,2.76,3.21,3.38,2.8833333333333333,0.0900000000000003,1.26,1.26,1.34,1.2566666666666666,0.0,0.5554640685576224
2003-06-30,4.53,3.56,5.96,6.3,2.81,1.22,0,4.53,4.68,4.84,4.53,0.0,3.56,3.65,3.88,3.56,0.0,5.96,5.73,5.54,5.96,0.0,6.1,5.9,6.0,6.133333333333333,0.20000000000000018,2.85,3.04,3.48,2.8066666666666666,-0.040000000000000036,1.26,1.25,1.24,1.2466666666666666,-0.040000000000000036,0.5719016054241652
2003-07-31,4.24,3.27,5.6,6.2,2.58,1.01,0,4.53,4.53,4.68,4.433333333333334,-0.29000000000000004,3.56,3.56,3.65,3.4633333333333334,-0.29000000000000004,5.96,5.96,5.73,5.84,-0.3600000000000003,6.3,6.0,5.8,6.199999999999999,-0.09999999999999964,2.81,2.76,3.16,2.7466666666666666,-0.22999999999999998,1.22,1.26,1.24,1.1633333333333333,-0.20999999999999996,0.3719871742657896
2003-08-31,4.24,3.27,5.6,6.1,2.46,1.03,0,4.24,4.53,4.68,4.336666666666667,0.0,3.27,3.56,3.65,3.3666666666666667,0.0,5.6,5.96,5.73,5.72,0.0,6.2,6.1,5.9,6.2,-0.10000000000000053,2.58,2.85,3.21,2.6166666666666667,-0.1200000000000001,1.01,1.26,1.26,1.0866666666666667,0.020000000000000018,0.30086211490483555
2003-09-30,4.24,3.27,5.6,6.1,2.57,1.01,0,4.24,4.53,4.68,4.24,0.0,3.27,3.56,3.65,3.27,0.0,5.6,5.96,5.73,5.6,0.0,6.1,6.3,5.9,6.133333333333333,0.0,2.46,2.81,3.04,2.5366666666666666,0.10999999999999988,1.03,1.22,1.25,1.0166666666666666,-0.020000000000000018,0.3502884863480146
2003-10-31,4.43,2.85,6.0,6.0,2.36,1.01,0,4.24,4.24,4.53,4.303333333333334,0.1899999999999995,3.27,3.27,3.56,3.1300000000000003,-0.41999999999999993,5.6,5.6,5.96,5.733333333333333,0.40000000000000036,6.1,6.2,6.0,6.066666666666666,-0.09999999999999964,2.57,2.58,2.76,2.463333333333333,-0.20999999999999996,1.01,1.01,1.26,1.0166666666666668,0.0,0.29072011704150263
2003-11-30,4.43,2.85,6.0,5.8,2.33,1.0,0,4.43,4.24,4.53,4.366666666666666,0.0,2.85,3.27,3.56,2.99,0.0,6.0,5.6,5.96,5.866666666666666,0.0,6.0,6.1,6.1,5.966666666666666,-0.20000000000000018,2.36,2.46,2.85,2.42,-0.029999999999999805,1.01,1.03,1.26,1.0066666666666666,-0.010000000000000009,0.2428294347111187
2003-12-31,4.43,2.85,6.0,5.7,2.34,0.98,0,4.43,4.24,4.53,4.43,0.0,2.85,3.27,3.56,2.85,0.0,6.0,5.6,5.96,6.0,0.0,5.8,6.1,6.3,5.833333333333333,-0.09999999999999964,2.33,2.57,2.81,2.3433333333333333,0.009999999999999787,1.0,1.01,1.22,0.9966666666666666,-0.020000000000000018,0.23011735978301276
2004-01-31,4.21,2.57,5.4,5.7,2.19,1.0,0,4.43,4.43,4.24,4.3566666666666665,-0.21999999999999975,2.85,2.85,3.27,2.7566666666666664,-0.28000000000000025,6.0,6.0,5.6,5.800000000000001,-0.5999999999999996,5.7,6.0,6.2,5.733333333333334,0.0,2.34,2.36,2.58,2.2866666666666666,-0.1499999999999999,0.98,1.01,1.01,0.9933333333333333,0.020000000000000018,0.1025113482986566
2004-02-29,4.21,2.57,5.4,5.6,2.21,1.01,0,4.21,4.43,4.24,4.283333333333333,0.0,2.57,2.85,3.27,2.6633333333333336,0.0,5.4,6.0,5.6,5.6000000000000005,0.0,5.7,5.8,6.1,5.666666666666667,-0.10000000000000053,2.19,2.33,2.46,2.2466666666666666,0.020000000000000018,1.0,1.0,1.03,0.9966666666666667,0.010000000000000009,0.09429257986538513
2004-03-31,4.21,2.57,5.4,5.8,2.29,1.0,0,4.21,4.43,4.24,4.21,0.0,2.57,2.85,3.27,2.57,0.0,5.4,6.0,5.6,5.4,0.0,5.6,5.7,6.1,5.7,0.20000000000000018,2.21,2.34,2.57,2.23,0.08000000000000007,1.01,0.98,1.01,1.0033333333333332,-0.010000000000000009,0.16464979466994153
2004-04-30,4.15,2.3,5.27,5.6,2.05,1.0,0,4.21,4.21,4.43,4.19,-0.05999999999999961,2.57,2.57,2.85,2.48,-0.27,5.4,5.4,6.0,5.3566666666666665,-0.13000000000000078,5.8,5.7,6.0,5.666666666666667,-0.20000000000000018,2.29,2.19,2.36,2.183333333333333,-0.2400000000000002,1.0,1.0,1.01,1.0033333333333332,0.0,0.005979744840259406
2004-05-31,4.15,2.3,5.27,5.6,2.03,1.0,0,4.15,4.21,4.43,4.170000000000001,0.0,2.3,2.57,2.85,2.39,0.0,5.27,5.4,6.0,5.3133333333333335,0.0,5.6,5.6,5.8,5.666666666666667,0.0,2.05,2.21,2.33,2.123333333333333,-0.020000000000000018,1.0,1.01,1.0,1.0,0.0,-0.003006868149409557
2004-06-30,4.15,2.3,5.27,5.6,2.09,1.03,0,4.15,4.21,4.43,4.15,0.0,2.3,2.57,2.85,2.3,0.0,5.27,5.4,6.0,5.27,0.0,5.6,5.8,5.7,5.6,0.0,2.03,2.29,2.34,2.0566666666666666,0.06000000000000005,1.0,1.0,0.98,1.01,0.030000000000000027,0.02395297081959726
2004-07-31,4.07,2.03,4.49,5.5,2.1,1.26,0,4.15,4.15,4.21,4.123333333333334,-0.08000000000000007,2.3,2.3,2.57,2.21,-0.27,5.27,5.27,5.4,5.009999999999999,-0.7799999999999994,5.6,5.6,5.7,5.566666666666666,-0.09999999999999964,2.09,2.05,2.19,2.0733333333333333,0.010000000000000231,1.03,1.0,1.0,1.0966666666666667,0.22999999999999998,-0.010652345585540957
2004-08-31,4.07,2.03,4.49,5.4,2.19,1.43,0,4.07,4.15,4.21,4.096666666666667,0.0,2.03,2.3,2.57,2.1199999999999997,0.0,4.49,5.27,5.4,4.75,0.0,5.5,5.6,5.6,5.5,-0.09999999999999964,2.1,2.03,2.21,2.1266666666666665,0.08999999999999986,1.26,1.0,1.01,1.24,0.16999999999999993,0.012582031445028896
2004-09-30,4.07,2.03,4.49,5.4,2.11,1.61,0,4.07,4.15,4.21,4.07,0.0,2.03,2.3,2.57,2.03,0.0,4.49,5.27,5.4,4.49,0.0,5.4,5.6,5.8,5.433333333333334,0.0,2.19,2.09,2.29,2.1333333333333333,-0.08000000000000007,1.43,1.03,1.0,1.4333333333333333,0.18000000000000016,-0.023364420513646844
2004-10-31,4.03,1.82,4.67,5.5,2.09,1.76,0,4.07,4.07,4.15,4.0566666666666675,-0.040000000000000036,2.03,2.03,2.3,1.96,-0.20999999999999974,4.49,4.49,5.27,4.550000000000001,0.17999999999999972,5.4,5.5,5.6,5.433333333333334,0.09999999999999964,2.11,2.1,2.05,2.13,-0.020000000000000018,1.61,1.26,1.0,1.5999999999999999,0.1499999999999999,-0.026092272818891777
2004-11-30,4.03,1.82,4.67,5.4,1.95,1.93,0,4.03,4.07,4.15,4.043333333333334,0.0,1.82,2.03,2.3,1.89,0.0,4.67,4.49,5.27,4.609999999999999,0.0,5.5,5.4,5.6,5.433333333333334,-0.09999999999999964,2.09,2.19,2.03,2.05,-0.1399999999999999,1.76,1.43,1.0,1.7666666666666668,0.16999999999999993,-0.10620394516951448
2004-12-31,4.03,1.82,4.67,5.4,1.86,2.16,0,4.03,4.07,4.15,4.03,0.0,1.82,2.03,2.3,1.82,0.0,4.67,4.49,5.27,4.67,0.0,5.4,5.4,5.6,5.433333333333334,0.0,1.95,2.11,2.09,1.9666666666666668,-0.08999999999999986,1.93,1.61,1.03,1.95,0.2300000000000002,-0.1466437036230246
2005-01-31,3.7,1.62,4.66,5.3,1.75,2.28,0,4.03,4.03,4.07,3.9200000000000004,-0.33000000000000007,1.82,1.82,2.03,1.7533333333333332,-0.19999999999999996,4.67,4.67,4.49,4.666666666666667,-0.009999999999999787,5.4,5.5,5.5,5.366666666666667,-0.10000000000000053,1.86,2.09,2.1,1.8533333333333335,-0.1100000000000001,2.16,1.76,1.26,2.1233333333333335,0.11999999999999966,-0.3035850775819032
2005-02-28,3.7,1.62,4.66,5.4,1.59,2.5,0,3.7,4.03,4.07,3.81,0.0,1.62,1.82,2.03,1.6866666666666668,0.0,4.66,4.67,4.49,4.663333333333334,0.0,5.3,5.4,5.4,5.366666666666667,0.10000000000000053,1.75,1.95,2.19,1.7333333333333334,-0.15999999999999992,2.28,1.93,1.43,2.313333333333333,0.2200000000000002,-0.3582726000763142
2005-03-31,3.7,1.62,4.66,5.2,1.64,2.63,0,3.7,4.03,4.07,3.7,0.0,1.62,1.82,2.03,1.62,0.0,4.66,4.67,4.49,4.66,0.0,5.4,5.4,5.4,5.300000000000001,-0.20000000000000018,1.59,1.86,2.11,1.6600000000000001,0.04999999999999982,2.5,2.16,1.61,2.4699999999999998,0.1299999999999999,-0.3702168304480226
2005-04-30,3.67,1.5,4.26,5.2,1.76,2.79,0,3.7,3.7,4.03,3.69,-0.03000000000000025,1.62,1.62,1.82,1.58,-0.1200000000000001,4.66,4.66,4.67,4.526666666666666,-0.40000000000000036,5.2,5.3,5.5,5.266666666666667,0.0,1.64,1.75,2.09,1.6633333333333333,0.1200000000000001,2.63,2.28,1.76,2.64,0.16000000000000014,-0.32450711806389626
2005-05-31,3.67,1.5,4.26,5.1,1.9,3.0,0,3.67,3.7,4.03,3.6799999999999997,0.0,1.5,1.62,1.82,1.54,0.0,4.26,4.66,4.67,4.3933333333333335,0.0,5.2,5.4,5.4,5.166666666666667,-0.10000000000000053,1.76,1.59,1.95,1.7666666666666666,0.1399999999999999,2.79,2.5,1.93,2.8066666666666666,0.20999999999999996,-0.2788062085591542
2005-06-30,3.67,1.5,4.26,5.0,1.87,3.04,0,3.67,3.7,4.03,3.67,0.0,1.5,1.62,1.82,1.5,0.0,4.26,4.66,4.67,4.26,0.0,5.1,5.2,5.4,5.1000000000000005,-0.09999999999999964,1.9,1.64,1.86,1.8433333333333335,-0.029999999999999805,3.0,2.63,2.16,2.9433333333333334,0.040000000000000036,-0.30949150946659776
2005-07-31,3.9,1.47,4.35,5.0,1.67,3.26,0,3.67,3.67,3.7,3.7466666666666666,0.22999999999999998,1.5,1.5,1.62,1.49,-0.030000000000000027,4.26,4.26,4.66,4.29,0.08999999999999986,5.0,5.2,5.3,5.033333333333333,0.0,1.87,1.76,1.75,1.8133333333333335,-0.20000000000000018,3.04,2.79,2.28,3.1,0.21999999999999975,-0.33641457011681863
2005-08-31,3.9,1.47,4.35,4.9,1.77,3.5,0,3.9,3.67,3.7,3.823333333333333,0.0,1.47,1.5,1.62,1.4799999999999998,0.0,4.35,4.26,4.66,4.319999999999999,0.0,5.0,5.1,5.4,4.966666666666667,-0.09999999999999964,1.67,1.9,1.59,1.7699999999999998,0.10000000000000009,3.26,3.0,2.5,3.266666666666667,0.2400000000000002,-0.3086868865914143
2005-09-30,3.9,1.47,4.35,5.0,1.81,3.62,0,3.9,3.67,3.7,3.9,0.0,1.47,1.5,1.62,1.47,0.0,4.35,4.26,4.66,4.35,0.0,4.9,5.0,5.2,4.966666666666667,0.09999999999999964,1.77,1.87,1.64,1.75,0.040000000000000036,3.5,3.04,2.63,3.4599999999999995,0.1200000000000001,-0.2735082791891361
2005-10-31,3.54,1.44,6.09,5.0,1.83,3.78,0,3.9,3.9,3.67,3.78,-0.3599999999999999,1.47,1.47,1.5,1.46,-0.030000000000000027,4.35,4.35,4.26,4.93,1.7400000000000002,5.0,5.0,5.2,4.966666666666667,0.0,1.81,1.67,1.76,1.8033333333333335,0.020000000000000018,3.62,3.26,2.79,3.6333333333333333,0.1599999999999997,-0.3630412528461134
2005-11-30,3.54,1.44,6.09,5.0,1.89,4.0,0,3.54,3.9,3.67,3.66,0.0,1.44,1.47,1.5,1.45,0.0,6.09,4.35,4.26,5.510000000000001,0.0,5.0,4.9,5.1,5.0,0.0,1.83,1.77,1.9,1.8433333333333335,0.05999999999999983,3.78,3.5,3.0,3.8000000000000003,0.2200000000000002,-0.33608141387710666
2005-12-31,3.54,1.44,6.09,4.9,1.82,4.16,0,3.54,3.9,3.67,3.54,0.0,1.44,1.47,1.5,1.44,0.0,6.09,4.35,4.26,6.09,0.0,5.0,5.0,5.0,4.966666666666667,-0.09999999999999964,1.89,1.81,1.87,1.8466666666666667,-0.06999999999999984,4.0,3.62,3.04,3.9800000000000004,0.16000000000000014,-0.3847399407638881
2006-01-31,3.86,1.39,3.17,4.7,1.78,4.29,0,3.54,3.54,3.9,3.646666666666667,0.31999999999999984,1.44,1.44,1.47,1.4233333333333331,-0.050000000000000044,6.09,6.09,4.35,5.116666666666666,-2.92,4.9,5.0,5.0,4.866666666666667,-0.20000000000000018,1.82,1.83,1.67,1.83,-0.040000000000000036,4.16,3.78,3.26,4.15,0.1299999999999999,-0.34955096368097677
2006-02-28,3.86,1.39,3.17,4.8,1.65,4.49,0,3.86,3.54,3.9,3.7533333333333334,0.0,1.39,1.44,1.47,1.4066666666666665,0.0,3.17,6.09,4.35,4.1433333333333335,0.0,4.7,5.0,4.9,4.8,0.09999999999999964,1.78,1.89,1.77,1.75,-0.13000000000000012,4.29,4.0,3.5,4.3133333333333335,0.20000000000000018,-0.39075856669088455
2006-03-31,3.86,1.39,3.17,4.7,1.69,4.59,0,3.86,3.54,3.9,3.86,0.0,1.39,1.44,1.47,1.39,0.0,3.17,6.09,4.35,3.17,0.0,4.8,4.9,5.0,4.733333333333333,-0.09999999999999964,1.65,1.82,1.81,1.7066666666666663,0.040000000000000036,4.49,4.16,3.62,4.456666666666667,0.09999999999999964,-0.38999072213448693
2006-04-30,4.13,1.3,3.43,4.7,1.67,4.79,0,3.86,3.86,3.54,3.9499999999999997,0.27,1.39,1.39,1.44,1.36,-0.08999999999999986,3.17,3.17,6.09,3.2566666666666664,0.26000000000000023,4.7,4.7,5.0,4.733333333333333,0.0,1.69,1.78,1.83,1.67,-0.020000000000000018,4.59,4.29,3.78,4.623333333333334,0.20000000000000018,-0.32508764513917116
2006-05-31,4.13,1.3,3.43,4.6,1.66,4.94,0,4.13,3.86,3.54,4.04,0.0,1.3,1.39,1.44,1.33,0.0,3.43,3.17,6.09,3.3433333333333337,0.0,4.7,4.8,5.0,4.666666666666667,-0.10000000000000053,1.67,1.65,1.89,1.6733333333333331,-0.010000000000000009,4.79,4.49,4.0,4.773333333333333,0.15000000000000036,-0.34678633305694606
2006-06-30,4.13,1.3,3.43,4.6,1.67,4.99,0,4.13,3.86,3.54,4.13,0.0,1.3,1.39,1.44,1.3,0.0,3.43,3.17,6.09,3.43,0.0,4.6,4.7,4.9,4.633333333333334,0.0,1.66,1.69,1.82,1.6666666666666667,0.010000000000000009,4.94,4.59,4.16,4.906666666666667,0.04999999999999982,-0.3422930265621116
2006-07-31,4.12,1.26,3.84,4.7,1.68,5.24,0,4.13,4.13,3.86,4.126666666666666,-0.009999999999999787,1.3,1.3,1.39,1.2866666666666668,-0.040000000000000036,3.43,3.43,3.17,3.566666666666667,0.4099999999999997,4.6,4.7,4.7,4.633333333333333,0.10000000000000053,1.67,1.67,1.78,1.67,0.010000000000000009,4.99,4.79,4.29,5.0566666666666675,0.25,-0.32333099382896574
2006-08-31,4.12,1.26,3.84,4.7,1.73,5.25,0,4.12,4.13,3.86,4.123333333333334,0.0,1.26,1.3,1.39,1.2733333333333334,0.0,3.84,3.43,3.17,3.703333333333333,0.0,4.7,4.6,4.8,4.666666666666667,0.0,1.68,1.66,1.65,1.6933333333333334,0.050000000000000044,5.24,4.94,4.49,5.16,0.009999999999999787,-0.30086446135479344
2006-09-30,4.12,1.26,3.84,4.5,1.72,5.25,0,4.12,4.13,3.86,4.12,0.0,1.26,1.3,1.39,1.26,0.0,3.84,3.43,3.17,3.84,0.0,4.7,4.6,4.7,4.633333333333334,-0.20000000000000018,1.73,1.67,1.69,1.71,-0.010000000000000009,5.25,4.99,4.59,5.246666666666667,0.0,-0.33976853069550855
2006-10-31,3.95,1.15,3.69,4.4,1.64,5.25,0,4.12,4.12,4.13,4.0633333333333335,-0.16999999999999993,1.26,1.26,1.3,1.2233333333333334,-0.1100000000000001,3.84,3.84,3.43,3.7900000000000005,-0.1499999999999999,4.5,4.7,4.7,4.533333333333333,-0.09999999999999964,1.72,1.68,1.67,1.6966666666666665,-0.08000000000000007,5.25,5.24,4.79,5.25,0.0,-0.43944350221581857
2006-11-30,3.95,1.15,3.69,4.5,1.64,5.25,0,3.95,4.12,4.13,4.006666666666667,0.0,1.15,1.26,1.3,1.1866666666666665,0.0,3.69,3.84,3.43,3.74,0.0,4.4,4.7,4.6,4.466666666666667,0.09999999999999964,1.64,1.73,1.66,1.6666666666666667,0.0,5.25,5.25,4.94,5.25,0.0,-0.4222381207928783
2006-12-31,3.95,1.15,3.69,4.4,1.64,5.24,0,3.95,4.12,4.13,3.95,0.0,1.15,1.26,1.3,1.15,0.0,3.69,3.84,3.43,3.69,0.0,4.5,4.5,4.6,4.433333333333334,-0.09999999999999964,1.64,1.72,1.67,1.64,0.0,5.25,5.25,4.99,5.246666666666667,-0.009999999999999787,-0.43944350221581857
2007-01-31,3.98,1.19,4.01,4.6,1.57,5.25,0,3.95,3.95,4.12,3.9600000000000004,0.029999999999999805,1.15,1.15,1.26,1.163333333333333,0.040000000000000036,3.69,3.69,3.84,3.796666666666667,0.31999999999999984,4.4,4.4,4.7,4.5,0.1999999999999993,1.64,1.64,1.68,1.6166666666666665,-0.06999999999999984,5.24,5.25,5.24,5.246666666666667,0.009999999999999787,-0.4282759192798921
2007-02-28,3.98,1.19,4.01,4.5,1.6,5.26,0,3.98,3.95,4.12,3.97,0.0,1.19,1.15,1.26,1.1766666666666667,0.0,4.01,3.69,3.84,3.9033333333333338,0.0,4.6,4.5,4.7,4.5,-0.09999999999999964,1.57,1.64,1.73,1.6033333333333335,0.030000000000000027,5.25,5.25,5.25,5.250000000000001,0.009999999999999787,-0.432001381218329
2007-03-31,3.98,1.19,4.01,4.4,1.75,5.26,0,3.98,3.95,4.12,3.98,0.0,1.19,1.15,1.26,1.19,0.0,4.01,3.69,3.84,4.01,0.0,4.5,4.4,4.5,4.5,-0.09999999999999964,1.6,1.64,1.72,1.64,0.1499999999999999,5.26,5.24,5.25,5.256666666666667,0.0,-0.3818071652187523
2007-04-30,4.02,1.19,3.73,4.5,1.68,5.25,0,3.98,3.98,3.95,3.9933333333333327,0.03999999999999959,1.19,1.19,1.15,1.19,0.0,4.01,4.01,3.69,3.9166666666666665,-0.2799999999999998,4.4,4.6,4.4,4.466666666666667,0.09999999999999964,1.75,1.57,1.64,1.6766666666666665,-0.07000000000000006,5.26,5.25,5.25,5.256666666666667,-0.009999999999999787,-0.38510830852113725
2007-05-31,4.02,1.19,3.73,4.4,1.6,5.25,0,4.02,3.98,3.95,4.006666666666667,0.0,1.19,1.19,1.15,1.19,0.0,3.73,4.01,3.69,3.823333333333333,0.0,4.5,4.5,4.5,4.433333333333334,-0.09999999999999964,1.68,1.6,1.64,1.6766666666666667,-0.07999999999999985,5.25,5.26,5.25,5.253333333333334,0.0,-0.43826014190275314
2007-06-30,4.02,1.19,3.73,4.6,1.59,5.25,0,4.02,3.98,3.95,4.02,0.0,1.19,1.19,1.15,1.19,0.0,3.73,4.01,3.69,3.73,0.0,4.4,4.4,4.4,4.5,0.1999999999999993,1.6,1.75,1.64,1.6233333333333333,-0.010000000000000009,5.25,5.26,5.24,5.25,0.0,-0.4083426855517071
2007-07-31,4.41,1.21,3.91,4.7,1.85,5.26,0,4.02,4.02,3.98,4.1499999999999995,0.39000000000000057,1.19,1.19,1.19,1.1966666666666665,0.020000000000000018,3.73,3.73,4.01,3.7899999999999996,0.18000000000000016,4.6,4.5,4.6,4.566666666666666,0.10000000000000053,1.59,1.68,1.57,1.68,0.26,5.25,5.25,5.25,5.253333333333333,0.009999999999999787,-0.16758178306253702
2007-08-31,4.41,1.21,3.91,4.6,2.05,5.02,0,4.41,4.02,3.98,4.28,0.0,1.21,1.19,1.19,1.2033333333333334,0.0,3.91,3.73,4.01,3.85,0.0,4.7,4.4,4.5,4.633333333333333,-0.10000000000000053,1.85,1.6,1.6,1.83,0.19999999999999973,5.26,5.25,5.26,5.176666666666667,-0.2400000000000002,-0.09492103458878827
2007-09-30,4.41,1.21,3.91,4.7,2.0,4.94,0,4.41,4.02,3.98,4.41,0.0,1.21,1.19,1.19,1.21,0.0,3.91,3.73,4.01,3.91,0.0,4.6,4.6,4.4,4.666666666666667,0.10000000000000053,2.05,1.59,1.75,1.9666666666666668,-0.04999999999999982,5.02,5.25,5.26,5.073333333333334,-0.07999999999999918,-0.10018218564002011
2007-10-31,4.6,1.3,4.31,4.7,1.99,4.76,0,4.41,4.41,4.02,4.473333333333333,0.1899999999999995,1.21,1.21,1.19,1.24,0.09000000000000008,3.91,3.91,3.73,4.043333333333333,0.39999999999999947,4.7,4.7,4.5,4.666666666666667,0.0,2.0,1.85,1.68,2.013333333333333,-0.010000000000000009,4.94,5.26,5.25,4.906666666666666,-0.1800000000000006,-0.052679043626902546
2007-11-30,4.6,1.3,4.31,4.7,2.47,4.49,0,4.6,4.41,4.02,4.536666666666666,0.0,1.3,1.21,1.19,1.2699999999999998,0.0,4.31,3.91,3.73,4.176666666666666,0.0,4.7,4.6,4.4,4.7,0.0,1.99,2.05,1.6,2.1533333333333333,0.4800000000000002,4.76,5.02,5.25,4.73,-0.2699999999999996,0.16299966812515182
2007-12-31,4.6,1.3,4.31,5.0,2.52,4.24,0,4.6,4.41,4.02,4.6,0.0,1.3,1.21,1.19,1.3,0.0,4.31,3.91,3.73,4.31,0.0,4.7,4.7,4.6,4.8,0.2999999999999998,2.47,2.0,1.59,2.3266666666666667,0.04999999999999982,4.49,4.94,5.25,4.496666666666667,-0.25,0.23708234486814495
2008-01-31,4.77,1.44,4.77,5.0,2.96,3.94,1,4.6,4.6,4.41,4.656666666666666,0.16999999999999993,1.3,1.3,1.21,1.3466666666666667,0.1399999999999999,4.31,4.31,3.91,4.463333333333333,0.45999999999999996,5.0,4.7,4.7,4.8999999999999995,0.0,2.52,1.99,1.85,2.65,0.43999999999999995,4.24,4.76,5.26,4.223333333333334,-0.30000000000000027,0.48131096877955537
2008-02-29,4.77,1.44,4.77,4.9,3.22,2.98,1,4.77,4.6,4.41,4.713333333333332,0.0,1.44,1.3,1.21,1.3933333333333333,0.0,4.77,4.31,3.91,4.616666666666666,0.0,5.0,4.7,4.6,4.966666666666667,-0.09999999999999964,2.96,2.47,2.05,2.9,0.26000000000000023,3.94,4.49,5.02,3.72,-0.96,0.5809315562223113
2008-03-31,4.77,1.44,4.77,5.1,3.45,2.61,1,4.77,4.6,4.41,4.77,0.0,1.44,1.3,1.21,1.44,0.0,4.77,4.31,3.91,4.77,0.0,4.9,5.0,4.7,5.0,0.1999999999999993,3.22,2.52,2.0,3.2100000000000004,0.22999999999999998,2.98,4.24,4.94,3.176666666666667,-0.3700000000000001,0.7186883684493844
2008-04-30,4.9,1.77,5.26,5.0,3.1,2.28,1,4.77,4.77,4.6,4.813333333333333,0.13000000000000078,1.44,1.44,1.3,1.55,0.33000000000000007,4.77,4.77,4.31,4.933333333333333,0.4900000000000002,5.1,5.0,4.7,5.0,-0.09999999999999964,3.45,2.96,1.99,3.2566666666666664,-0.3500000000000001,2.61,3.94,4.76,2.6233333333333335,-0.33000000000000007,0.579793777107416
2008-05-31,4.9,1.77,5.26,5.4,3.0,1.98,1,4.9,4.77,4.6,4.8566666666666665,0.0,1.77,1.44,1.3,1.6600000000000001,0.0,5.26,4.77,4.31,5.096666666666667,0.0,5.0,4.9,4.7,5.166666666666667,0.40000000000000036,3.1,3.22,2.47,3.1833333333333336,-0.10000000000000009,2.28,2.98,4.49,2.2900000000000005,-0.2999999999999998,0.6036822378508325
2008-06-30,4.9,1.77,5.26,5.6,3.05,2.0,1,4.9,4.77,4.6,4.9,0.0,1.77,1.44,1.3,1.77,0.0,5.26,4.77,4.31,5.26,0.0,5.4,5.1,5.0,5.333333333333333,0.1999999999999993,3.0,3.45,2.52,3.0500000000000003,0.04999999999999982,1.98,2.61,4.24,2.0866666666666673,0.020000000000000018,0.6605595331708852
2008-07-31,4.8,1.77,5.77,5.8,3.22,2.01,1,4.9,4.9,4.77,4.866666666666666,-0.10000000000000053,1.77,1.77,1.44,1.77,0.0,5.26,5.26,4.77,5.43,0.5099999999999998,5.6,5.0,5.0,5.6000000000000005,0.20000000000000018,3.05,3.1,2.96,3.09,0.17000000000000037,2.0,2.28,3.94,1.9966666666666668,0.009999999999999787,0.7439899545826614
2008-08-31,4.8,1.77,5.77,6.1,3.29,2.0,1,4.8,4.9,4.77,4.833333333333333,0.0,1.77,1.77,1.44,1.77,0.0,5.77,5.26,4.77,5.599999999999999,0.0,5.8,5.4,4.9,5.833333333333333,0.2999999999999998,3.22,3.0,3.22,3.186666666666667,0.06999999999999984,2.01,1.98,2.98,2.0033333333333334,-0.009999999999999787,0.8270592443153233
2008-09-30,4.8,1.77,5.77,6.1,4.0,1.81,1,4.8,4.9,4.77,4.8,0.0,1.77,1.77,1.44,1.77,0.0,5.77,5.26,4.77,5.77,0.0,6.1,5.6,5.1,6.0,0.0,3.29,3.05,3.45,3.5033333333333334,0.71,2.0,2.0,2.61,1.9400000000000002,-0.18999999999999995,1.1460840054485704
2008-10-31,5.64,2.54,6.53,6.5,5.53,0.97,1,4.8,4.8,4.9,5.079999999999999,0.8399999999999999,1.77,1.77,1.77,2.026666666666667,0.77,5.77,5.77,5.26,6.023333333333333,0.7600000000000007,6.1,5.8,5.0,6.233333333333333,0.40000000000000036,4.0,3.22,3.1,4.273333333333333,1.5300000000000002,1.81,2.01,2.28,1.5933333333333337,-0.8400000000000001,2.132260460358846
2008-11-30,5.64,2.54,6.53,6.8,6.1,0.39,1,5.64,4.8,4.9,5.359999999999999,0.0,2.54,1.77,1.77,2.2833333333333337,0.0,6.53,5.77,5.26,6.276666666666666,0.0,6.5,6.1,5.4,6.466666666666666,0.2999999999999998,5.53,3.29,3.0,5.21,0.5699999999999994,0.97,2.0,1.98,1.0566666666666669,-0.58,2.439995074833231
2008-12-31,5.64,2.54,6.53,7.3,5.82,0.16,1,5.64,4.8,4.9,5.64,0.0,2.54,1.77,1.77,2.54,0.0,6.53,5.77,5.26,6.53,0.0,6.8,6.1,5.6,6.866666666666666,0.5,6.1,4.0,3.05,5.816666666666666,-0.27999999999999936,0.39,1.81,2.0,0.5066666666666669,-0.23,2.400209400092568
2009-01-31,6.51,3.17,7.69,7.8,5.38,0.15,1,5.64,5.64,4.8,5.93,0.8700000000000001,2.54,2.54,1.77,2.75,0.6299999999999999,6.53,6.53,5.77,6.916666666666667,1.1600000000000001,7.3,6.5,5.8,7.3,0.5,5.82,5.53,3.22,5.766666666666667,-0.4400000000000004,0.16,0.97,2.01,0.23333333333333361,-0.010000000000000009,2.526619822497281
2009-02-28,6.51,3.17,7.69,8.3,5.22,0.22,1,6.51,5.64,4.8,6.219999999999999,0.0,3.17,2.54,1.77,2.9599999999999995,0.0,7.69,6.53,5.77,7.303333333333334,0.0,7.8,6.8,6.1,7.8,0.5000000000000009,5.38,6.1,3.29,5.473333333333334,-0.16000000000000014,0.15,0.39,2.0,0.17666666666666697,0.07,2.5407538256946314
2009-03-31,6.51,3.17,7.69,8.7,5.74,0.18,1,6.51,5.64,4.8,6.51,0.0,3.17,2.54,1.77,3.17,0.0,7.69,6.53,5.77,7.69,0.0,8.3,7.3,6.1,8.266666666666666,0.3999999999999986,5.22,5.82,4.0,5.446666666666666,0.5200000000000005,0.22,0.16,1.81,0.1833333333333336,-0.04000000000000001,2.8432272891177846
2009-04-30,6.77,3.78,9.31,9.0,5.08,0.15,1,6.51,6.51,5.64,6.596666666666667,0.2599999999999998,3.17,3.17,2.54,3.373333333333333,0.6099999999999999,7.69,7.69,6.53,8.23,1.62,8.7,7.8,6.5,8.666666666666666,0.3000000000000007,5.74,5.38,5.53,5.346666666666667,-0.6600000000000001,0.18,0.15,0.97,0.18333333333333365,-0.03,2.669438239527887
2009-05-31,6.77,3.78,9.31,9.4,4.29,0.18,1,6.77,6.51,5.64,6.683333333333333,0.0,3.78,3.17,2.54,3.5766666666666667,0.0,9.31,7.69,6.53,8.770000000000001,0.0,9.0,8.3,6.8,9.033333333333333,0.40000000000000036,5.08,5.22,6.1,5.036666666666666,-0.79,0.15,0.22,0.39,0.1700000000000003,0.03,2.3832885521277256
2009-06-30,6.77,3.78,9.31,9.5,3.64,0.21,1,6.77,6.51,5.64,6.77,0.0,3.78,3.17,2.54,3.78,0.0,9.31,7.69,6.53,9.31,0.0,9.4,8.7,7.3,9.299999999999999,0.09999999999999964,4.29,5.74,5.82,4.336666666666667,-0.6499999999999999,0.18,0.18,0.16,0.18000000000000027,0.03,2.1084290113864257
2009-07-31,6.49,4.39,10.22,9.5,3.11,0.16,0,6.77,6.77,6.51,6.676666666666666,-0.27999999999999936,3.78,3.78,3.17,3.983333333333333,0.6099999999999999,9.31,9.31,7.69,9.613333333333335,0.9100000000000001,9.5,9.0,7.8,9.466666666666667,0.0,3.64,5.08,5.38,3.6799999999999997,-0.5300000000000002,0.21,0.15,0.15,0.18333333333333365,-0.04999999999999999,1.7936574219905852
2009-08-31,6.49,4.39,10.22,9.6,2.98,0.16,0,6.49,6.77,6.51,6.583333333333333,0.0,4.39,3.78,3.17,4.1866666666666665,0.0,10.22,9.31,7.69,9.916666666666666,0.0,9.5,9.4,8.3,9.533333333333333,0.09999999999999964,3.11,4.29,5.22,3.2433333333333336,-0.1299999999999999,0.16,0.18,0.22,0.17666666666666697,0.0,1.7524498189806774
2009-09-30,6.49,4.39,10.22,9.8,2.86,0.15,0,6.49,6.77,6.51,6.49,0.0,4.39,3.78,3.17,4.39,0.0,10.22,9.31,7.69,10.22,0.0,9.6,9.5,8.7,9.633333333333333,0.20000000000000107,2.98,3.64,5.74,2.983333333333333,-0.1200000000000001,0.16,0.21,0.18,0.15666666666666698,-0.010000000000000009,1.7329409038885448
2009-10-31,6.33,4.27,10.54,10.0,2.86,0.12,0,6.49,6.49,6.77,6.4366666666666665,-0.16000000000000014,4.39,4.39,3.78,4.35,-0.1200000000000001,10.22,10.22,9.31,10.326666666666668,0.3199999999999985,9.8,9.5,9.0,9.799999999999999,0.1999999999999993,2.86,3.11,5.08,2.9,0.0,0.15,0.16,0.15,0.14333333333333362,-0.03,1.7235651837803603
2009-11-30,6.33,4.27,10.54,9.9,2.99,0.12,0,6.33,6.49,6.77,6.383333333333333,0.0,4.27,4.39,3.78,4.31,0.0,10.54,10.22,9.31,10.433333333333332,0.0,10.0,9.6,9.4,9.9,-0.09999999999999964,2.86,2.98,4.29,2.903333333333333,0.13000000000000034,0.12,0.16,0.18,0.1300000000000003,0.0,1.764772786790268
2009-12-31,6.33,4.27,10.54,9.9,2.54,0.12,0,6.33,6.49,6.77,6.33,0.0,4.27,4.39,3.78,4.27,0.0,10.54,10.22,9.31,10.54,0.0,9.9,9.8,9.5,9.933333333333332,0.0,2.99,2.86,3.64,2.796666666666667,-0.4500000000000002,0.12,0.15,0.21,0.12,0.0,1.562573994522717
2010-01-31,5.78,3.92,10.51,9.8,2.57,0.11,0,6.33,6.33,6.49,6.146666666666666,-0.5499999999999998,4.27,4.27,4.39,4.153333333333333,-0.34999999999999964,10.54,10.54,10.22,10.53,-0.02999999999999936,9.9,10.0,9.5,9.866666666666667,-0.09999999999999964,2.54,2.86,3.11,2.7000000000000006,0.029999999999999805,0.12,0.12,0.16,0.11666666666666696,-0.009999999999999995,1.408332497429682
2010-02-28,5.78,3.92,10.51,9.8,2.62,0.13,0,5.78,6.33,6.49,5.963333333333334,0.0,3.92,4.27,4.39,4.036666666666666,0.0,10.51,10.54,10.22,10.519999999999998,0.0,9.8,9.9,9.6,9.833333333333334,0.0,2.57,2.99,2.98,2.5766666666666667,0.050000000000000266,0.11,0.12,0.16,0.12000000000000029,0.020000000000000004,1.4307990299038547
2010-03-31,5.78,3.92,10.51,9.9,2.47,0.16,0,5.78,6.33,6.49,5.78,0.0,3.92,4.27,4.39,3.92,0.0,10.51,10.54,10.22,10.51,0.0,9.8,9.9,9.8,9.833333333333334,0.09999999999999964,2.62,2.54,2.86,2.5533333333333332,-0.1499999999999999,0.13,0.12,0.15,0.13333333333333364,0.03,1.380604813904278
2010-04-30,5.1,3.64,10.43,9.9,2.38,0.2,0,5.78,5.78,6.33,5.553333333333332,-0.6800000000000006,3.92,3.92,4.27,3.8266666666666667,-0.2799999999999998,10.51,10.51,10.54,10.483333333333333,-0.08000000000000007,9.9,9.8,10.0,9.866666666666667,0.0,2.47,2.57,2.86,2.49,-0.0900000000000003,0.16,0.11,0.12,0.16333333333333364,0.04000000000000001,1.154072502895991
2010-05-31,5.1,3.64,10.43,9.6,2.89,0.2,0,5.1,5.78,6.33,5.326666666666666,0.0,3.64,3.92,4.27,3.733333333333333,0.0,10.43,10.51,10.54,10.456666666666665,0.0,9.9,9.8,9.9,9.799999999999999,-0.3000000000000007,2.38,2.62,2.99,2.58,0.5100000000000002,0.2,0.13,0.12,0.18666666666666698,0.0,1.3316149898637277
2010-06-30,5.1,3.64,10.43,9.4,3.08,0.18,0,5.1,5.78,6.33,5.1,0.0,3.64,3.92,4.27,3.64,0.0,10.43,10.51,10.54,10.43,0.0,9.6,9.9,9.9,9.633333333333333,-0.1999999999999993,2.89,2.47,2.54,2.783333333333333,0.18999999999999995,0.2,0.16,0.12,0.1933333333333336,-0.020000000000000018,1.382577050419702
2010-07-31,4.58,3.32,8.78,9.4,2.91,0.18,0,5.1,5.1,5.78,4.926666666666667,-0.5199999999999996,3.64,3.64,3.92,3.533333333333333,-0.3200000000000003,10.43,10.43,10.51,9.88,-1.6500000000000004,9.4,9.9,9.8,9.466666666666667,0.0,3.08,2.38,2.57,2.9600000000000004,-0.16999999999999993,0.18,0.2,0.11,0.18666666666666698,0.0,1.1638847704068052
2010-08-31,4.58,3.32,8.78,9.5,3.01,0.19,0,4.58,5.1,5.78,4.753333333333333,0.0,3.32,3.64,3.92,3.4266666666666663,0.0,8.78,10.43,10.51,9.33,0.0,9.4,9.6,9.8,9.433333333333334,0.09999999999999964,2.91,2.89,2.62,3.0,0.09999999999999964,0.18,0.2,0.13,0.1833333333333336,0.010000000000000009,1.2260232167780898
2010-09-30,4.58,3.32,8.78,9.5,3.05,0.19,0,4.58,5.1,5.78,4.58,0.0,3.32,3.64,3.92,3.32,0.0,8.78,10.43,10.51,8.78,0.0,9.5,9.4,9.9,9.466666666666667,0.0,3.01,3.08,2.47,2.9899999999999998,0.040000000000000036,0.19,0.18,0.16,0.18666666666666698,0.0,1.2439964427574277
2010-10-31,4.14,2.96,7.91,9.4,3.15,0.19,0,4.58,4.58,5.1,4.433333333333334,-0.4400000000000004,3.32,3.32,3.64,3.1999999999999997,-0.3599999999999999,8.78,8.78,10.43,8.49,-0.8699999999999992,9.5,9.4,9.9,9.466666666666667,-0.09999999999999964,3.05,2.91,2.38,3.07,0.10000000000000009,0.19,0.18,0.2,0.19,0.0,1.1513112981591533
2010-11-30,4.14,2.96,7.91,9.8,3.03,0.19,0,4.14,4.58,5.1,4.286666666666666,0.0,2.96,3.32,3.64,3.0799999999999996,0.0,7.91,8.78,10.43,8.200000000000001,0.0,9.4,9.5,9.6,9.566666666666668,0.40000000000000036,3.15,3.01,2.89,3.0766666666666667,-0.1200000000000001,0.19,0.19,0.2,0.19,0.0,1.166213145912901
2010-12-31,4.14,2.96,7.91,9.3,2.68,0.18,0,4.14,4.58,5.1,4.14,0.0,2.96,3.32,3.64,2.96,0.0,7.91,8.78,10.43,7.91,0.0,9.8,9.5,9.4,9.5,-0.5,3.03,3.05,3.08,2.953333333333333,-0.34999999999999964,0.19,0.19,0.18,0.18666666666666695,-0.010000000000000009,0.9229205114789935
2011-01-31,3.82,2.44,6.93,9.1,2.68,0.17,0,4.14,4.14,4.58,4.033333333333332,-0.31999999999999984,2.96,2.96,3.32,2.7866666666666666,-0.52,7.91,7.91,8.78,7.583333333333333,-0.9800000000000004,9.3,9.4,9.4,9.4,-0.20000000000000107,2.68,3.15,2.91,2.796666666666667,0.0,0.18,0.19,0.18,0.1800000000000003,-0.009999999999999981,0.8009367827249827
2011-02-28,3.82,2.44,6.93,9.0,2.57,0.16,0,3.82,4.14,4.58,3.926666666666666,0.0,2.44,2.96,3.32,2.6133333333333333,0.0,6.93,7.91,8.78,7.256666666666667,0.0,9.1,9.8,9.5,9.133333333333333,-0.09999999999999964,2.68,3.03,3.01,2.643333333333333,-0.11000000000000032,0.17,0.19,0.19,0.1700000000000003,-0.010000000000000009,0.7343050298588633
2011-03-31,3.82,2.44,6.93,9.0,2.58,0.14,0,3.82,4.14,4.58,3.82,0.0,2.44,2.96,3.32,2.44,0.0,6.93,7.91,8.78,6.93,0.0,9.0,9.3,9.5,9.033333333333333,0.0,2.57,2.68,3.05,2.61,0.010000000000000231,0.16,0.18,0.19,0.15666666666666698,-0.01999999999999999,0.7387983363536977
2011-04-30,3.65,2.12,5.31,9.1,2.58,0.1,0,3.82,3.82,4.14,3.763333333333333,-0.16999999999999993,2.44,2.44,2.96,2.3333333333333335,-0.31999999999999984,6.93,6.93,7.91,6.39,-1.62,9.0,9.1,9.4,9.033333333333333,0.09999999999999964,2.58,2.68,3.15,2.5766666666666667,0.0,0.14,0.17,0.19,0.13333333333333364,-0.04000000000000001,0.709480579637944
2011-05-31,3.65,2.12,5.31,9.0,2.65,0.09,0,3.65,3.82,4.14,3.7066666666666666,0.0,2.12,2.44,2.96,2.2266666666666666,0.0,5.31,6.93,7.91,5.849999999999999,0.0,9.1,9.0,9.8,9.033333333333333,-0.09999999999999964,2.58,2.57,3.03,2.603333333333333,0.06999999999999984,0.1,0.16,0.19,0.1100000000000003,-0.010000000000000009,0.7237283436788449
2011-06-30,3.65,2.12,5.31,9.1,2.72,0.09,0,3.65,3.82,4.14,3.65,0.0,2.12,2.44,2.96,2.12,0.0,5.31,6.93,7.91,5.31,0.0,9.0,9.0,9.3,9.066666666666666,0.09999999999999964,2.65,2.58,2.68,2.6500000000000004,0.07000000000000028,0.09,0.14,0.18,0.09333333333333364,0.0,0.7723868705656264
2011-07-31,3.45,1.84,5.85,9.0,2.77,0.07,0,3.65,3.65,3.82,3.5833333333333335,-0.19999999999999973,2.12,2.12,2.44,2.026666666666667,-0.28,5.31,5.31,6.93,5.489999999999999,0.54,9.1,9.1,9.1,9.033333333333333,-0.09999999999999964,2.72,2.58,2.68,2.7133333333333334,0.04999999999999982,0.09,0.1,0.17,0.08333333333333363,-0.01999999999999999,0.7229149179242773
2011-08-31,3.45,1.84,5.85,9.0,3.25,0.1,0,3.45,3.65,3.82,3.516666666666666,0.0,1.84,2.12,2.44,1.9333333333333336,0.0,5.85,5.31,6.93,5.669999999999999,0.0,9.0,9.0,9.0,9.033333333333333,0.0,2.77,2.65,2.57,2.9133333333333336,0.48,0.07,0.09,0.16,0.08666666666666696,0.03,0.9385936296763315
2011-09-30,3.45,1.84,5.85,9.0,3.3,0.08,0,3.45,3.65,3.82,3.45,0.0,1.84,2.12,2.44,1.84,0.0,5.85,5.31,6.93,5.85,0.0,9.0,9.1,9.0,9.0,0.0,3.25,2.72,2.58,3.106666666666667,0.04999999999999982,0.1,0.09,0.14,0.08333333333333363,-0.020000000000000004,0.9610601621505038
2011-10-31,3.25,1.64,4.63,8.8,3.02,0.07,0,3.45,3.45,3.65,3.383333333333333,-0.20000000000000018,1.84,1.84,2.12,1.7733333333333334,-0.20000000000000018,5.85,5.85,5.31,5.4433333333333325,-1.2199999999999998,9.0,9.0,9.1,8.933333333333334,-0.1999999999999993,3.3,2.77,2.58,3.19,-0.2799999999999998,0.08,0.07,0.1,0.08333333333333363,-0.009999999999999995,0.7461037137566772
2011-11-30,3.25,1.64,4.63,8.6,3.24,0.08,0,3.25,3.45,3.65,3.3166666666666664,0.0,1.64,1.84,2.12,1.7066666666666668,0.0,4.63,5.85,5.31,5.036666666666666,0.0,8.8,9.0,9.0,8.799999999999999,-0.20000000000000107,3.02,3.25,2.65,3.186666666666667,0.2200000000000002,0.07,0.1,0.09,0.07666666666666697,0.009999999999999995,0.8105456937971547
2011-12-31,3.25,1.64,4.63,8.5,3.27,0.07,0,3.25,3.45,3.65,3.25,0.0,1.64,1.84,2.12,1.64,0.0,4.63,5.85,5.31,4.63,0.0,8.6,9.0,9.1,8.633333333333333,-0.09999999999999964,3.24,3.3,2.72,3.176666666666667,0.029999999999999805,0.08,0.08,0.09,0.07333333333333364,-0.009999999999999995,0.8068202318587177
2012-01-31,3.06,1.53,4.24,8.3,3.24,0.08,0,3.25,3.25,3.45,3.186666666666666,-0.18999999999999995,1.64,1.64,1.84,1.6033333333333333,-0.10999999999999988,4.63,4.63,5.85,4.5,-0.3899999999999997,8.5,8.8,9.0,8.466666666666667,-0.1999999999999993,3.27,3.02,2.77,3.25,-0.029999999999999805,0.07,0.07,0.07,0.07666666666666698,0.009999999999999995,0.7069331010203816
2012-02-29,3.06,1.53,4.24,8.3,3.1,0.1,0,3.06,3.25,3.45,3.123333333333333,0.0,1.53,1.64,1.84,1.5666666666666667,0.0,4.24,4.63,5.85,4.37,0.0,8.3,8.6,9.0,8.366666666666667,0.0,3.24,3.24,3.25,3.2033333333333336,-0.14000000000000012,0.08,0.08,0.1,0.08333333333333363,0.020000000000000004,0.6440268100926991
2012-03-31,3.06,1.53,4.24,8.2,3.07,0.13,0,3.06,3.25,3.45,3.06,0.0,1.53,1.64,1.84,1.53,0.0,4.24,4.63,5.85,4.24,0.0,8.3,8.5,9.0,8.266666666666666,-0.10000000000000142,3.1,3.27,3.3,3.1366666666666667,-0.03000000000000025,0.1,0.07,0.08,0.10333333333333362,0.03,0.6133415091852551
2012-04-30,2.92,1.4,3.95,8.2,3.2,0.14,0,3.06,3.06,3.25,3.013333333333333,-0.14000000000000012,1.53,1.53,1.64,1.4866666666666666,-0.13000000000000012,4.24,4.24,4.63,4.1433333333333335,-0.29000000000000004,8.2,8.3,8.8,8.233333333333334,0.0,3.07,3.24,3.02,3.1233333333333335,0.13000000000000034,0.13,0.08,0.07,0.12333333333333363,0.010000000000000009,0.6334413210332964
2012-05-31,2.92,1.4,3.95,8.2,3.4,0.16,0,2.92,3.06,3.25,2.9666666666666663,0.0,1.4,1.53,1.64,1.4433333333333334,0.0,3.95,4.24,4.63,4.046666666666667,0.0,8.2,8.3,8.6,8.2,0.0,3.2,3.1,3.24,3.223333333333333,0.19999999999999973,0.14,0.1,0.08,0.14333333333333365,0.01999999999999999,0.7233074509299855
2012-06-30,2.92,1.4,3.95,8.2,3.39,0.16,0,2.92,3.06,3.25,2.92,0.0,1.4,1.53,1.64,1.4,0.0,3.95,4.24,4.63,3.95,0.0,8.2,8.2,8.5,8.2,0.0,3.4,3.07,3.27,3.33,-0.009999999999999787,0.16,0.13,0.07,0.15333333333333363,0.0,0.7188141444351511
2012-07-31,2.82,1.25,3.93,8.2,3.27,0.16,0,2.92,2.92,3.06,2.8866666666666663,-0.10000000000000009,1.4,1.4,1.53,1.3499999999999999,-0.1499999999999999,3.95,3.95,4.24,3.9433333333333334,-0.020000000000000018,8.2,8.2,8.3,8.2,0.0,3.39,3.2,3.24,3.3533333333333335,-0.1200000000000001,0.16,0.14,0.08,0.16,0.0,0.6375279146508469
2012-08-31,2.82,1.25,3.93,8.1,3.21,0.13,0,2.82,2.92,3.06,2.853333333333333,0.0,1.25,1.4,1.53,1.2999999999999998,0.0,3.93,3.95,4.24,3.936666666666667,0.0,8.2,8.2,8.3,8.166666666666666,-0.09999999999999964,3.27,3.4,3.1,3.2899999999999996,-0.06000000000000005,0.16,0.16,0.1,0.15000000000000027,-0.03,0.5933626942588999
2012-09-30,2.82,1.25,3.93,7.8,3.07,0.14,0,2.82,2.92,3.06,2.82,0.0,1.25,1.4,1.53,1.25,0.0,3.93,3.95,4.24,3.93,0.0,8.1,8.2,8.2,8.033333333333333,-0.2999999999999998,3.21,3.39,3.07,3.1833333333333336,-0.14000000000000012,0.13,0.16,0.13,0.14333333333333365,0.010000000000000009,0.47884025906239636
2012-10-31,2.71,1.18,3.84,7.8,2.73,0.16,0,2.82,2.82,2.92,2.7833333333333328,-0.10999999999999988,1.25,1.25,1.4,1.2266666666666668,-0.07000000000000006,3.93,3.93,3.95,3.9000000000000004,-0.0900000000000003,7.8,8.2,8.2,7.8999999999999995,0.0,3.07,3.27,3.2,3.0033333333333334,-0.33999999999999986,0.14,0.16,0.14,0.14333333333333362,0.01999999999999999,0.2959646312071051
2012-11-30,2.71,1.18,3.84,7.7,2.95,0.16,0,2.71,2.82,2.92,2.746666666666666,0.0,1.18,1.25,1.4,1.2033333333333331,0.0,3.84,3.93,3.95,3.8699999999999997,0.0,7.8,8.1,8.2,7.766666666666667,-0.09999999999999964,2.73,3.21,3.4,2.9166666666666665,0.2200000000000002,0.16,0.13,0.16,0.15333333333333365,0.0,0.3776119926705231
2012-12-31,2.71,1.18,3.84,7.9,2.85,0.16,0,2.71,2.82,2.92,2.71,0.0,1.18,1.25,1.4,1.18,0.0,3.84,3.93,3.95,3.84,0.0,7.7,7.8,8.2,7.8,0.20000000000000018,2.95,3.07,3.39,2.8433333333333337,-0.10000000000000009,0.16,0.14,0.16,0.16,0.0,0.367089690568059
2013-01-31,2.64,1.11,3.7,8.0,2.82,0.14,0,2.71,2.71,2.82,2.686666666666666,-0.06999999999999984,1.18,1.18,1.25,1.1566666666666665,-0.06999999999999984,3.84,3.84,3.93,3.7933333333333334,-0.13999999999999968,7.9,7.8,8.2,7.866666666666667,0.09999999999999964,2.85,2.73,3.27,2.873333333333333,-0.03000000000000025,0.16,0.16,0.16,0.15333333333333363,-0.01999999999999999,0.35165856621409247
2013-02-28,2.64,1.11,3.7,7.7,2.89,0.15,0,2.64,2.71,2.82,2.663333333333333,0.0,1.11,1.18,1.25,1.1333333333333335,0.0,3.7,3.84,3.93,3.7466666666666666,0.0,8.0,7.7,8.1,7.866666666666667,-0.2999999999999998,2.82,2.95,3.21,2.8533333333333335,0.07000000000000028,0.14,0.16,0.13,0.15000000000000033,0.009999999999999981,0.3314955674091129
2013-03-31,2.64,1.11,3.7,7.5,2.96,0.14,0,2.64,2.71,2.82,2.64,0.0,1.11,1.18,1.25,1.11,0.0,3.7,3.84,3.93,3.7,0.0,7.7,7.9,7.8,7.733333333333333,-0.20000000000000018,2.89,2.85,3.07,2.89,0.06999999999999984,0.15,0.16,0.14,0.14333333333333365,-0.009999999999999981,0.3285379500270735
2013-04-30,2.53,1.04,3.47,7.6,2.83,0.15,0,2.64,2.64,2.71,2.603333333333333,-0.11000000000000032,1.11,1.11,1.18,1.0866666666666667,-0.07000000000000006,3.7,3.7,3.84,3.6233333333333335,-0.22999999999999998,7.5,8.0,7.8,7.599999999999999,0.09999999999999964,2.96,2.82,2.73,2.893333333333333,-0.1299999999999999,0.14,0.14,0.16,0.14666666666666697,0.009999999999999981,0.2572271399862459
2013-05-31,2.53,1.04,3.47,7.5,2.79,0.11,0,2.53,2.64,2.71,2.5666666666666664,0.0,1.04,1.11,1.18,1.0633333333333335,0.0,3.47,3.7,3.84,3.546666666666667,0.0,7.6,7.7,7.7,7.533333333333332,-0.09999999999999964,2.83,2.89,2.95,2.86,-0.040000000000000036,0.15,0.15,0.16,0.13333333333333364,-0.039999999999999994,0.22204853258396784
2013-06-30,2.53,1.04,3.47,7.5,2.83,0.09,0,2.53,2.64,2.71,2.53,0.0,1.04,1.11,1.18,1.04,0.0,3.47,3.7,3.84,3.47,0.0,7.5,7.5,7.9,7.533333333333332,0.0,2.79,2.96,2.85,2.8166666666666664,0.040000000000000036,0.11,0.14,0.16,0.11666666666666697,-0.020000000000000004,0.24002175856330568
2013-07-31,2.44,0.98,3.37,7.3,2.68,0.09,0,2.53,2.53,2.64,2.4999999999999996,-0.08999999999999986,1.04,1.04,1.11,1.0199999999999998,-0.06000000000000005,3.47,3.47,3.7,3.436666666666667,-0.10000000000000009,7.5,7.6,8.0,7.433333333333333,-0.20000000000000018,2.83,2.83,2.82,2.766666666666667,-0.1499999999999999,0.09,0.15,0.14,0.09666666666666696,0.0,0.11358150163324661
2013-08-31,2.44,0.98,3.37,7.2,2.56,0.08,0,2.44,2.53,2.64,2.4699999999999998,0.0,0.98,1.04,1.11,1.0,0.0,3.37,3.47,3.7,3.4033333333333338,0.0,7.3,7.5,7.7,7.333333333333333,-0.09999999999999964,2.68,2.79,2.89,2.69,-0.1200000000000001,0.09,0.11,0.15,0.08666666666666696,-0.009999999999999995,0.04245644227229273
2013-09-30,2.44,0.98,3.37,7.2,2.75,0.08,0,2.44,2.53,2.64,2.44,0.0,0.98,1.04,1.11,0.98,0.0,3.37,3.47,3.7,3.37,0.0,7.2,7.5,7.5,7.233333333333333,0.0,2.56,2.83,2.96,2.6633333333333336,0.18999999999999995,0.08,0.09,0.14,0.08333333333333363,0.0,0.1278292656741475
2013-10-31,2.38,0.89,3.37,7.2,2.65,0.09,0,2.44,2.44,2.53,2.42,-0.06000000000000005,0.98,0.98,1.04,0.9500000000000001,-0.08999999999999997,3.37,3.37,3.47,3.37,0.0,7.2,7.3,7.6,7.2,0.0,2.75,2.68,2.83,2.6533333333333338,-0.10000000000000009,0.08,0.09,0.15,0.08333333333333363,0.009999999999999995,0.06647626961802848
2013-11-30,2.38,0.89,3.37,6.9,2.61,0.08,0,2.38,2.44,2.53,2.4,0.0,0.89,0.98,1.04,0.9199999999999999,0.0,3.37,3.37,3.47,3.37,0.0,7.2,7.2,7.5,7.1000000000000005,-0.2999999999999998,2.65,2.56,2.79,2.67,-0.040000000000000036,0.09,0.08,0.11,0.08333333333333363,-0.009999999999999995,-0.0031131006301303352
2013-12-31,2.38,0.89,3.37,6.7,2.33,0.09,0,2.38,2.44,2.53,2.38,0.0,0.89,0.98,1.04,0.89,0.0,3.37,3.37,3.47,3.37,0.0,6.9,7.2,7.5,6.933333333333334,-0.20000000000000018,2.61,2.75,2.83,2.53,-0.2799999999999998,0.08,0.08,0.09,0.08666666666666696,0.009999999999999995,-0.1633364453313759
2014-01-31,2.32,0.9,3.24,6.6,2.4,0.07,0,2.38,2.38,2.44,2.3599999999999994,-0.06000000000000005,0.89,0.89,0.98,0.8933333333333332,0.010000000000000009,3.37,3.37,3.37,3.3266666666666667,-0.1299999999999999,6.7,7.2,7.3,6.733333333333333,-0.10000000000000053,2.33,2.65,2.68,2.4466666666666668,0.06999999999999984,0.09,0.09,0.09,0.08000000000000031,-0.01999999999999999,-0.16550861239824952
2014-02-28,2.32,0.9,3.24,6.7,2.35,0.07,0,2.32,2.38,2.44,2.34,0.0,0.9,0.89,0.98,0.8966666666666666,0.0,3.24,3.37,3.37,3.2833333333333337,0.0,6.6,6.9,7.2,6.666666666666667,0.10000000000000053,2.4,2.61,2.56,2.36,-0.04999999999999982,0.07,0.08,0.08,0.07666666666666697,0.0,-0.17076976344948133
2014-03-31,2.32,0.9,3.24,6.7,2.26,0.08,0,2.32,2.38,2.44,2.32,0.0,0.9,0.89,0.98,0.9,0.0,3.24,3.37,3.37,3.24,0.0,6.7,6.7,7.2,6.666666666666667,0.0,2.35,2.33,2.75,2.3366666666666664,-0.0900000000000003,0.07,0.09,0.08,0.07333333333333364,0.009999999999999995,-0.21120952190299166
2014-04-30,2.26,0.8,3.31,6.2,2.16,0.09,0,2.32,2.32,2.38,2.2999999999999994,-0.06000000000000005,0.9,0.9,0.89,0.8666666666666667,-0.09999999999999998,3.24,3.24,3.37,3.2633333333333336,0.06999999999999984,6.7,6.6,7.2,6.533333333333332,-0.5,2.26,2.4,2.65,2.2566666666666664,-0.09999999999999964,0.08,0.07,0.09,0.0800000000000003,0.009999999999999995,-0.35858942507381214
2014-05-31,2.26,0.8,3.31,6.3,2.22,0.09,0,2.26,2.32,2.38,2.2799999999999994,0.0,0.8,0.9,0.89,0.8333333333333334,0.0,3.31,3.24,3.37,3.2866666666666666,0.0,6.2,6.7,6.9,6.3999999999999995,0.09999999999999964,2.16,2.35,2.61,2.2133333333333334,0.06000000000000005,0.09,0.07,0.08,0.08666666666666696,0.0,-0.31442420468186505
2014-06-30,2.26,0.8,3.31,6.1,2.18,0.1,0,2.26,2.32,2.38,2.26,0.0,0.8,0.9,0.89,0.8,0.0,3.31,3.24,3.37,3.31,0.0,6.3,6.7,6.7,6.2,-0.20000000000000018,2.22,2.26,2.33,2.186666666666667,-0.040000000000000036,0.09,0.08,0.09,0.09333333333333362,0.010000000000000009,-0.36680819350708355
2014-07-31,2.2,0.77,3.07,6.2,2.17,0.09,0,2.26,2.26,2.32,2.2399999999999998,-0.05999999999999961,0.8,0.8,0.9,0.79,-0.030000000000000027,3.31,3.31,3.24,3.23,-0.2400000000000002,6.1,6.2,6.6,6.199999999999999,0.10000000000000053,2.18,2.16,2.4,2.19,-0.010000000000000231,0.1,0.09,0.07,0.09333333333333364,-0.010000000000000009,-0.37051604968675195
2014-08-31,2.2,0.77,3.07,6.1,2.23,0.09,0,2.2,2.26,2.32,2.2199999999999998,0.0,0.77,0.8,0.9,0.7799999999999999,0.0,3.07,3.31,3.24,3.15,0.0,6.2,6.3,6.7,6.133333333333333,-0.10000000000000053,2.17,2.22,2.35,2.1933333333333334,0.06000000000000005,0.09,0.09,0.07,0.09333333333333362,0.0,-0.36076159214068565
2014-09-30,2.2,0.77,3.07,5.9,2.29,0.09,0,2.2,2.26,2.32,2.2,0.0,0.77,0.8,0.9,0.77,0.0,3.07,3.31,3.24,3.07,0.0,6.1,6.1,6.7,6.066666666666666,-0.1999999999999993,2.23,2.18,2.26,2.23,0.06000000000000005,0.09,0.1,0.08,0.09,0.0,-0.36821251601755933
2014-10-31,2.15,0.72,3.01,5.7,2.39,0.09,0,2.2,2.2,2.26,2.183333333333333,-0.050000000000000266,0.77,0.77,0.8,0.7533333333333333,-0.050000000000000044,3.07,3.07,3.31,3.0499999999999994,-0.06000000000000005,5.9,6.2,6.2,5.8999999999999995,-0.20000000000000018,2.29,2.17,2.16,2.3033333333333332,0.10000000000000009,0.09,0.09,0.09,0.09,0.0,-0.37137348983824076
2014-11-30,2.15,0.72,3.01,5.8,2.52,0.09,0,2.15,2.2,2.26,2.1666666666666665,0.0,0.72,0.77,0.8,0.7366666666666667,0.0,3.01,3.07,3.31,3.03,0.0,5.7,6.1,6.3,5.8,0.09999999999999964,2.39,2.23,2.22,2.4,0.1299999999999999,0.09,0.09,0.09,0.09,0.0,-0.29575512398245246
2014-12-31,2.15,0.72,3.01,5.6,2.51,0.12,0,2.15,2.2,2.26,2.15,0.0,0.72,0.77,0.8,0.72,0.0,3.01,3.07,3.31,3.01,0.0,5.8,5.9,6.1,5.699999999999999,-0.20000000000000018,2.52,2.29,2.18,2.473333333333333,-0.010000000000000231,0.09,0.09,0.1,0.1000000000000003,0.03,-0.3346591933231677
2015-01-31,2.11,0.75,2.94,5.7,2.61,0.11,0,2.15,2.15,2.2,2.1366666666666663,-0.040000000000000036,0.72,0.72,0.77,0.73,0.030000000000000027,3.01,3.01,3.07,2.9866666666666664,-0.06999999999999984,5.6,5.7,6.2,5.7,0.10000000000000053,2.51,2.39,2.17,2.5466666666666664,0.10000000000000009,0.12,0.09,0.09,0.10666666666666696,-0.009999999999999995,-0.2834673676903989
2015-02-28,2.11,0.75,2.94,5.5,2.46,0.11,0,2.11,2.15,2.2,2.123333333333333,0.0,0.75,0.72,0.77,0.7399999999999999,0.0,2.94,3.01,3.07,2.9633333333333334,0.0,5.7,5.8,6.1,5.599999999999999,-0.20000000000000018,2.61,2.52,2.23,2.5266666666666664,-0.1499999999999999,0.11,0.09,0.09,0.11333333333333362,0.0,-0.38527772795879645
2015-03-31,2.11,0.75,2.94,5.4,2.55,0.11,0,2.11,2.15,2.2,2.11,0.0,0.75,0.72,0.77,0.75,0.0,2.94,3.01,3.07,2.94,0.0,5.5,5.6,5.9,5.533333333333334,-0.09999999999999964,2.46,2.51,2.29,2.54,0.08999999999999986,0.11,0.12,0.09,0.11,0.0,-0.3620433509282266
2015-04-30,2.12,0.81,2.91,5.4,2.6,0.12,0,2.11,2.11,2.15,2.113333333333333,0.010000000000000231,0.75,0.75,0.72,0.77,0.06000000000000005,2.94,2.94,3.01,2.93,-0.029999999999999805,5.4,5.7,5.7,5.433333333333334,0.0,2.55,2.61,2.39,2.5366666666666666,0.050000000000000266,0.11,0.11,0.09,0.11333333333333362,0.009999999999999995,-0.33684016326942506
2015-05-31,2.12,0.81,2.91,5.6,2.72,0.12,0,2.12,2.11,2.15,2.1166666666666663,0.0,0.81,0.75,0.72,0.79,0.0,2.91,2.94,3.01,2.92,0.0,5.4,5.5,5.8,5.466666666666666,0.1999999999999993,2.6,2.46,2.52,2.6233333333333335,0.1200000000000001,0.12,0.11,0.09,0.11666666666666696,0.0,-0.2485097224855309
2015-06-30,2.12,0.81,2.91,5.3,2.83,0.13,0,2.12,2.11,2.15,2.12,0.0,0.81,0.75,0.72,0.81,0.0,2.91,2.94,3.01,2.91,0.0,5.6,5.4,5.6,5.433333333333333,-0.2999999999999998,2.72,2.55,2.51,2.716666666666667,0.10999999999999988,0.12,0.11,0.12,0.12333333333333363,0.010000000000000009,-0.25069949531117275
2015-07-31,2.15,0.9,2.95,5.2,2.94,0.13,0,2.12,2.12,2.11,2.1299999999999994,0.029999999999999805,0.81,0.81,0.75,0.84,0.08999999999999997,2.91,2.91,2.94,2.923333333333334,0.040000000000000036,5.3,5.4,5.7,5.366666666666667,-0.09999999999999964,2.83,2.6,2.61,2.83,0.10999999999999988,0.13,0.12,0.11,0.12666666666666695,0.0,-0.21026853973704687
2015-08-31,2.15,0.9,2.95,5.1,3.15,0.14,0,2.15,2.12,2.11,2.1399999999999997,0.0,0.9,0.81,0.75,0.8700000000000001,0.0,2.95,2.91,2.94,2.936666666666667,0.0,5.2,5.6,5.5,5.199999999999999,-0.10000000000000053,2.94,2.72,2.46,2.973333333333333,0.20999999999999996,0.13,0.12,0.11,0.13333333333333364,0.010000000000000009,-0.13311448476846352
2015-09-30,2.15,0.9,2.95,5.0,3.29,0.14,0,2.15,2.12,2.11,2.15,0.0,0.9,0.81,0.75,0.9,0.0,2.95,2.91,2.94,2.95,0.0,5.1,5.3,5.4,5.1,-0.09999999999999964,3.15,2.83,2.55,3.1266666666666665,0.14000000000000012,0.14,0.13,0.11,0.13666666666666696,0.0,-0.08741357526372127
2015-10-31,2.16,1.02,2.93,5.0,3.19,0.12,0,2.15,2.15,2.12,2.153333333333333,0.010000000000000231,0.9,0.9,0.81,0.9400000000000001,0.12,2.95,2.95,2.91,2.9433333333333334,-0.020000000000000018,5.0,5.2,5.4,5.033333333333332,0.0,3.29,2.94,2.6,3.2100000000000004,-0.10000000000000009,0.14,0.13,0.12,0.13333333333333364,-0.020000000000000018,-0.12960998502743679
2015-11-30,2.16,1.02,2.93,5.1,3.2,0.12,0,2.16,2.15,2.12,2.1566666666666663,0.0,1.02,0.9,0.81,0.9800000000000001,0.0,2.93,2.95,2.91,2.936666666666667,0.0,5.0,5.1,5.6,5.033333333333333,0.09999999999999964,3.19,3.15,2.72,3.2266666666666666,0.010000000000000231,0.12,0.14,0.12,0.12666666666666695,0.0,-0.10791129710966195
2015-12-31,2.16,1.02,2.93,5.0,3.23,0.24,0,2.16,2.15,2.12,2.16,0.0,1.02,0.9,0.81,1.02,0.0,2.93,2.95,2.91,2.93,0.0,5.1,5.0,5.3,5.033333333333332,-0.09999999999999964,3.2,3.29,2.83,3.206666666666667,0.029999999999999805,0.12,0.14,0.13,0.16000000000000028,0.12,-0.11163675904809894
2016-01-31,2.15,1.5,3.04,4.8,3.48,0.34,0,2.16,2.16,2.15,2.1566666666666663,-0.010000000000000231,1.02,1.02,0.9,1.18,0.48,2.93,2.93,2.95,2.966666666666667,0.10999999999999988,5.0,5.0,5.2,4.966666666666666,-0.20000000000000018,3.23,3.19,2.94,3.3033333333333332,0.25,0.24,0.12,0.13,0.23333333333333361,0.10000000000000003,-0.03645151470774716
2016-02-29,2.15,1.5,3.04,4.9,3.55,0.38,0,2.15,2.16,2.15,2.153333333333333,0.0,1.5,1.02,0.9,1.34,0.0,3.04,2.93,2.95,3.003333333333334,0.0,4.8,5.1,5.1,4.8999999999999995,0.10000000000000053,3.48,3.2,3.15,3.42,0.06999999999999984,0.34,0.12,0.14,0.3200000000000003,0.03999999999999998,0.012207012179034471
2016-03-31,2.15,1.5,3.04,5.0,3.12,0.36,0,2.15,2.16,2.15,2.15,0.0,1.5,1.02,0.9,1.5,0.0,3.04,2.93,2.95,3.04,0.0,4.9,5.0,5.0,4.8999999999999995,0.09999999999999964,3.55,3.23,3.29,3.3833333333333333,-0.4299999999999997,0.38,0.24,0.14,0.3600000000000003,-0.020000000000000018,-0.16379978567590708
2016-04-30,2.21,1.6,3.02,5.1,2.86,0.37,0,2.15,2.15,2.16,2.1699999999999995,0.06000000000000005,1.5,1.5,1.02,1.5333333333333334,0.10000000000000009,3.04,3.04,2.93,3.033333333333333,-0.020000000000000018,5.0,4.8,5.0,5.0,0.09999999999999964,3.12,3.48,3.19,3.1766666666666663,-0.26000000000000023,0.36,0.34,0.12,0.3700000000000003,0.010000000000000009,-0.24700044201088858
2016-05-31,2.21,1.6,3.02,4.8,2.84,0.37,0,2.21,2.15,2.16,2.19,0.0,1.6,1.5,1.02,1.5666666666666667,0.0,3.02,3.04,2.93,3.026666666666667,0.0,5.1,4.9,5.1,4.966666666666666,-0.2999999999999998,2.86,3.55,3.2,2.94,-0.020000000000000018,0.37,0.38,0.12,0.366666666666667,0.0,-0.30760319926937846
2016-06-30,2.21,1.6,3.02,4.9,2.92,0.38,0,2.21,2.15,2.16,2.21,0.0,1.6,1.5,1.02,1.6,0.0,3.02,3.04,2.93,3.02,0.0,4.8,5.0,5.0,4.933333333333333,0.10000000000000053,2.84,3.12,3.23,2.873333333333333,0.08000000000000007,0.37,0.36,0.24,0.3733333333333336,0.010000000000000009,-0.2544513658877623
2016-07-31,2.29,1.59,3.06,4.8,2.71,0.39,0,2.21,2.21,2.15,2.2366666666666664,0.08000000000000007,1.6,1.6,1.5,1.596666666666667,-0.010000000000000009,3.02,3.02,3.04,3.0333333333333337,0.040000000000000036,4.9,5.1,4.8,4.833333333333333,-0.10000000000000053,2.92,2.86,3.48,2.823333333333333,-0.20999999999999996,0.38,0.37,0.34,0.38000000000000034,0.010000000000000009,-0.34412294222519396
2016-08-31,2.29,1.59,3.06,4.9,2.61,0.4,0,2.29,2.21,2.15,2.263333333333333,0.0,1.59,1.6,1.5,1.5933333333333335,0.0,3.06,3.02,3.04,3.046666666666667,0.0,4.8,4.8,4.9,4.866666666666666,0.10000000000000053,2.71,2.84,3.55,2.7466666666666666,-0.10000000000000009,0.39,0.37,0.38,0.3900000000000003,0.010000000000000009,-0.37185062575059824
2016-09-30,2.29,1.59,3.06,5.0,2.69,0.4,0,2.29,2.21,2.15,2.29,0.0,1.59,1.6,1.5,1.59,0.0,3.06,3.02,3.04,3.06,0.0,4.9,4.9,5.0,4.8999999999999995,0.09999999999999964,2.61,2.92,3.12,2.67,0.08000000000000007,0.4,0.38,0.36,0.396666666666667,0.0,-0.3186987923689822
2016-10-31,2.37,1.58,3.49,4.9,2.61,0.4,0,2.29,2.29,2.21,2.3166666666666664,0.08000000000000007,1.59,1.59,1.6,1.586666666666667,-0.010000000000000009,3.06,3.06,3.02,3.203333333333333,0.43000000000000016,5.0,4.8,5.1,4.933333333333334,-0.09999999999999964,2.69,2.71,2.86,2.6366666666666667,-0.08000000000000007,0.4,0.39,0.37,0.4,0.0,-0.3499573842735657
2016-11-30,2.37,1.58,3.49,4.7,2.45,0.41,0,2.37,2.29,2.21,2.3433333333333333,0.0,1.58,1.59,1.6,1.5833333333333333,0.0,3.49,3.06,3.02,3.3466666666666662,0.0,4.9,4.9,4.8,4.866666666666666,-0.20000000000000018,2.61,2.61,2.84,2.5833333333333335,-0.1599999999999997,0.4,0.4,0.37,0.4033333333333336,0.009999999999999953,-0.45626105103679765
2016-12-31,2.37,1.58,3.49,4.7,2.28,0.54,0,2.37,2.29,2.21,2.37,0.0,1.58,1.59,1.6,1.58,0.0,3.49,3.06,3.02,3.49,0.0,4.7,5.0,4.9,4.766666666666667,0.0,2.45,2.69,2.92,2.4466666666666668,-0.17000000000000037,0.41,0.4,0.38,0.45000000000000034,0.13000000000000006,-0.5326472614489838
2017-01-31,2.4,1.53,3.45,4.7,2.23,0.65,0,2.37,2.37,2.29,2.3799999999999994,0.029999999999999805,1.58,1.58,1.59,1.5633333333333335,-0.050000000000000044,3.49,3.49,3.06,3.4766666666666666,-0.040000000000000036,4.7,4.9,4.8,4.7,0.0,2.28,2.61,2.71,2.3200000000000003,-0.04999999999999982,0.54,0.4,0.39,0.5333333333333337,0.10999999999999999,-0.5469038283692688
2017-02-28,2.4,1.53,3.45,4.6,2.19,0.66,0,2.4,2.37,2.29,2.3899999999999997,0.0,1.53,1.58,1.59,1.5466666666666669,0.0,3.45,3.49,3.06,3.4633333333333334,0.0,4.7,4.7,4.9,4.666666666666666,-0.10000000000000053,2.23,2.45,2.61,2.233333333333333,-0.040000000000000036,0.65,0.41,0.4,0.616666666666667,0.010000000000000009,-0.5820824357715471
2017-03-31,2.4,1.53,3.45,4.4,2.24,0.79,0,2.4,2.37,2.29,2.4,0.0,1.53,1.58,1.59,1.53,0.0,3.45,3.49,3.06,3.45,0.0,4.6,4.7,5.0,4.566666666666666,-0.1999999999999993,2.19,2.28,2.69,2.22,0.050000000000000266,0.66,0.54,0.4,0.7000000000000003,0.13,-0.5940266661432552
2017-04-30,2.49,1.35,3.51,4.4,2.28,0.9,0,2.4,2.4,2.37,2.4299999999999997,0.0900000000000003,1.53,1.53,1.58,1.47,-0.17999999999999994,3.45,3.45,3.49,3.47,0.05999999999999961,4.4,4.7,4.9,4.466666666666667,0.0,2.24,2.23,2.61,2.2366666666666664,0.03999999999999959,0.79,0.65,0.4,0.7833333333333337,0.10999999999999999,-0.5514235435022559
2017-05-31,2.49,1.35,3.51,4.4,2.23,0.91,0,2.49,2.4,2.37,2.4599999999999995,0.0,1.35,1.53,1.58,1.4100000000000001,0.0,3.51,3.45,3.49,3.4899999999999998,0.0,4.4,4.6,4.7,4.4,0.0,2.28,2.19,2.45,2.25,-0.04999999999999982,0.9,0.66,0.41,0.866666666666667,0.010000000000000009,-0.573890075976428
2017-06-30,2.49,1.35,3.51,4.3,2.09,1.04,0,2.49,2.4,2.37,2.49,0.0,1.35,1.53,1.58,1.35,0.0,3.51,3.45,3.49,3.51,0.0,4.4,4.4,4.7,4.366666666666667,-0.10000000000000053,2.23,2.24,2.28,2.1999999999999997,-0.14000000000000012,0.91,0.79,0.54,0.9500000000000003,0.13,-0.654001748327051
2017-07-31,2.54,1.27,3.59,4.3,2.06,1.15,0,2.49,2.49,2.4,2.5066666666666664,0.04999999999999982,1.35,1.35,1.53,1.3233333333333335,-0.08000000000000007,3.51,3.51,3.45,3.5366666666666666,0.08000000000000007,4.3,4.4,4.7,4.333333333333333,0.0,2.09,2.28,2.23,2.126666666666667,-0.029999999999999805,1.04,0.9,0.65,1.0333333333333337,0.10999999999999988,-0.653798391888409
2017-08-31,2.54,1.27,3.59,4.4,2.14,1.16,0,2.54,2.49,2.4,2.523333333333333,0.0,1.27,1.35,1.53,1.2966666666666669,0.0,3.59,3.51,3.45,3.563333333333333,0.0,4.3,4.4,4.6,4.333333333333333,0.10000000000000053,2.06,2.23,2.19,2.0966666666666667,0.08000000000000007,1.15,0.91,0.66,1.116666666666667,0.010000000000000009,-0.6006465585067929
2017-09-30,2.54,1.27,3.59,4.3,2.0,1.15,0,2.54,2.49,2.4,2.54,0.0,1.27,1.35,1.53,1.27,0.0,3.59,3.51,3.45,3.59,0.0,4.4,4.3,4.4,4.333333333333333,-0.10000000000000053,2.14,2.09,2.24,2.066666666666667,-0.14000000000000012,1.16,1.04,0.79,1.1533333333333335,-0.010000000000000009,-0.6807582308574158
2017-10-31,2.48,1.18,3.7,4.2,1.91,1.15,0,2.54,2.54,2.49,2.52,-0.06000000000000005,1.27,1.27,1.35,1.24,-0.09000000000000008,3.59,3.59,3.51,3.6266666666666665,0.11000000000000032,4.3,4.3,4.4,4.3,-0.09999999999999964,2.0,2.06,2.28,2.016666666666667,-0.09000000000000008,1.15,1.15,0.9,1.1533333333333335,0.0,-0.7548233018416409
2017-11-30,2.48,1.18,3.7,4.2,1.88,1.16,0,2.48,2.54,2.49,2.5,0.0,1.18,1.27,1.35,1.21,0.0,3.7,3.59,3.51,3.6633333333333336,0.0,4.2,4.4,4.4,4.233333333333333,0.0,1.91,2.14,2.23,1.93,-0.030000000000000027,1.15,1.16,0.91,1.1533333333333335,0.010000000000000009,-0.7683032213261441
2017-12-31,2.48,1.18,3.7,4.1,1.77,1.3,0,2.48,2.54,2.49,2.48,0.0,1.18,1.27,1.35,1.18,0.0,3.7,3.59,3.51,3.7,0.0,4.2,4.3,4.3,4.166666666666667,-0.10000000000000053,1.88,2.0,2.09,1.8533333333333333,-0.10999999999999988,1.16,1.15,1.04,1.2033333333333334,0.14000000000000012,-0.8349349741922637
2018-01-31,2.5,1.11,3.65,4.0,1.56,1.41,0,2.48,2.48,2.54,2.4866666666666664,0.020000000000000018,1.18,1.18,1.27,1.156666666666667,-0.06999999999999984,3.7,3.7,3.59,3.6833333333333336,-0.050000000000000266,4.1,4.2,4.3,4.1000000000000005,-0.09999999999999964,1.77,1.91,2.06,1.7366666666666666,-0.20999999999999996,1.3,1.15,1.15,1.2900000000000003,0.10999999999999988,-0.9410264816374694
2018-02-28,2.5,1.11,3.65,4.1,1.68,1.42,0,2.5,2.48,2.54,2.4933333333333327,0.0,1.11,1.18,1.27,1.1333333333333335,0.0,3.65,3.7,3.59,3.6666666666666665,0.0,4.0,4.2,4.4,4.066666666666666,0.09999999999999964,1.56,1.88,2.14,1.67,0.11999999999999988,1.41,1.16,1.16,1.376666666666667,0.010000000000000009,-0.8699014222765157
2018-03-31,2.5,1.11,3.65,4.0,1.85,1.51,0,2.5,2.48,2.54,2.5,0.0,1.11,1.18,1.27,1.11,0.0,3.65,3.7,3.59,3.65,0.0,4.1,4.1,4.3,4.033333333333332,-0.09999999999999964,1.68,1.77,2.0,1.6966666666666665,0.17000000000000015,1.42,1.3,1.15,1.446666666666667,0.09000000000000008,-0.81072059328727
2018-04-30,2.5,1.08,3.58,4.0,1.79,1.69,0,2.5,2.5,2.48,2.5,0.0,1.11,1.11,1.18,1.1000000000000003,-0.030000000000000027,3.65,3.65,3.7,3.6266666666666665,-0.06999999999999984,4.0,4.0,4.2,4.033333333333332,0.0,1.85,1.56,1.91,1.7733333333333334,-0.06000000000000005,1.51,1.41,1.15,1.5400000000000003,0.17999999999999994,-0.8376804322562768
2018-05-31,2.5,1.08,3.58,3.8,1.89,1.7,0,2.5,2.5,2.48,2.5,0.0,1.08,1.11,1.18,1.09,0.0,3.58,3.65,3.7,3.6033333333333335,0.0,4.0,4.1,4.2,3.933333333333333,-0.20000000000000018,1.79,1.68,1.88,1.8433333333333335,0.09999999999999987,1.69,1.42,1.16,1.6333333333333335,0.010000000000000009,-0.8271581301538129
2018-06-30,2.5,1.08,3.58,4.0,1.99,1.82,0,2.5,2.5,2.48,2.5,0.0,1.08,1.11,1.18,1.08,0.0,3.58,3.65,3.7,3.58,0.0,3.8,4.0,4.1,3.933333333333333,0.20000000000000018,1.89,1.85,1.77,1.89,0.10000000000000009,1.7,1.51,1.3,1.736666666666667,0.1200000000000001,-0.7478143023595876
2018-07-31,2.52,0.99,3.69,3.8,1.83,1.91,0,2.5,2.5,2.5,2.5066666666666664,0.020000000000000018,1.08,1.08,1.11,1.05,-0.09000000000000008,3.58,3.58,3.65,3.6166666666666667,0.10999999999999988,4.0,4.0,4.0,3.866666666666666,-0.20000000000000018,1.99,1.79,1.56,1.9033333333333333,-0.15999999999999992,1.82,1.69,1.41,1.8100000000000003,0.08999999999999986,-0.8486446587535615
2018-08-31,2.52,0.99,3.69,3.8,1.92,1.91,0,2.52,2.5,2.5,2.513333333333333,0.0,0.99,1.08,1.11,1.0200000000000002,0.0,3.69,3.58,3.65,3.653333333333333,0.0,3.8,3.8,4.1,3.866666666666666,0.0,1.83,1.89,1.68,1.9133333333333333,0.08999999999999986,1.91,1.7,1.42,1.8800000000000001,0.0,-0.8082049003000513
2018-09-30,2.52,0.99,3.69,3.7,1.84,1.95,0,2.52,2.5,2.5,2.52,0.0,0.99,1.08,1.11,0.99,0.0,3.69,3.58,3.65,3.69,0.0,3.8,4.0,4.0,3.766666666666666,-0.09999999999999964,1.92,1.99,1.85,1.8633333333333333,-0.07999999999999985,1.91,1.82,1.51,1.9233333333333336,0.040000000000000036,-0.8613567336816672
2018-10-31,2.54,0.94,3.67,3.8,2.03,2.19,0,2.52,2.52,2.5,2.526666666666667,0.020000000000000018,0.99,0.99,1.08,0.9733333333333333,-0.050000000000000044,3.69,3.69,3.58,3.6833333333333336,-0.020000000000000018,3.7,3.8,4.0,3.766666666666666,0.09999999999999964,1.84,1.83,1.79,1.93,0.18999999999999972,1.95,1.91,1.69,2.016666666666667,0.24,-0.7533052184876142
2018-11-30,2.54,0.94,3.67,3.8,2.27,2.2,0,2.54,2.52,2.5,2.533333333333333,0.0,0.94,0.99,1.08,0.9566666666666667,0.0,3.67,3.69,3.58,3.676666666666667,0.0,3.8,3.8,3.8,3.766666666666666,0.0,2.03,1.92,1.89,2.046666666666667,0.2400000000000002,2.19,1.91,1.7,2.1133333333333337,0.010000000000000231,-0.6454658626115869
2018-12-31,2.54,0.94,3.67,3.9,2.45,2.27,0,2.54,2.52,2.5,2.54,0.0,0.94,0.99,1.08,0.94,0.0,3.67,3.69,3.58,3.67,0.0,3.8,3.7,4.0,3.8333333333333326,0.10000000000000009,2.27,1.84,1.99,2.25,0.18000000000000016,2.2,1.95,1.82,2.22,0.06999999999999984,-0.5473809642816262
2019-01-31,2.54,1.16,3.68,4.0,2.38,2.4,0,2.54,2.54,2.52,2.54,0.0,0.94,0.94,0.99,1.0133333333333334,0.21999999999999997,3.67,3.67,3.69,3.6733333333333333,0.010000000000000231,3.9,3.8,3.8,3.9,0.10000000000000009,2.45,2.03,1.83,2.3666666666666667,-0.07000000000000028,2.27,2.19,1.91,2.2900000000000005,0.1299999999999999,-0.5616287283225273
2019-02-28,2.54,1.16,3.68,3.8,2.22,2.4,0,2.54,2.54,2.52,2.54,0.0,1.16,0.94,0.99,1.0866666666666667,0.0,3.68,3.67,3.69,3.676666666666667,0.0,4.0,3.8,3.8,3.9,-0.20000000000000018,2.38,2.27,1.92,2.35,-0.1599999999999997,2.4,2.2,1.91,2.356666666666667,0.0,-0.6679323950857592
2019-03-31,2.54,1.16,3.68,3.8,2.26,2.41,0,2.54,2.54,2.52,2.54,0.0,1.16,0.94,0.99,1.16,0.0,3.68,3.67,3.69,3.68,0.0,3.8,3.9,3.7,3.866666666666666,0.0,2.22,2.45,1.84,2.2866666666666666,0.03999999999999959,2.4,2.27,1.95,2.4033333333333338,0.010000000000000231,-0.6499591691064215
2019-04-30,2.59,1.07,3.64,3.7,2.14,2.42,0,2.54,2.54,2.54,2.5566666666666666,0.04999999999999982,1.16,1.16,0.94,1.1300000000000001,-0.08999999999999986,3.68,3.68,3.67,3.6666666666666665,-0.040000000000000036,3.8,4.0,3.8,3.7666666666666657,-0.09999999999999964,2.26,2.38,2.03,2.206666666666667,-0.11999999999999966,2.41,2.4,2.19,2.41,0.009999999999999787,-0.70740095254423
2019-05-31,2.59,1.07,3.64,3.6,2.37,2.39,0,2.59,2.54,2.54,2.573333333333333,0.0,1.07,1.16,0.94,1.1,0.0,3.64,3.68,3.67,3.6533333333333338,0.0,3.7,3.8,3.8,3.6999999999999997,-0.10000000000000009,2.14,2.22,2.27,2.2566666666666664,0.22999999999999998,2.42,2.4,2.2,2.4066666666666667,-0.029999999999999805,-0.6212602845859777
2019-06-30,2.59,1.07,3.64,3.6,2.31,2.38,0,2.59,2.54,2.54,2.59,0.0,1.07,1.16,0.94,1.07,0.0,3.64,3.68,3.67,3.64,0.0,3.6,3.8,3.9,3.633333333333333,0.0,2.37,2.26,2.45,2.2733333333333334,-0.06000000000000005,2.39,2.41,2.27,2.396666666666667,-0.010000000000000231,-0.6482201235549844
2019-07-31,2.6,1.12,3.74,3.7,2.13,2.4,0,2.59,2.59,2.54,2.5933333333333333,0.010000000000000231,1.07,1.07,1.16,1.086666666666667,0.050000000000000044,3.64,3.64,3.68,3.6733333333333333,0.10000000000000009,3.6,3.7,4.0,3.633333333333333,0.10000000000000009,2.31,2.14,2.38,2.27,-0.18000000000000016,2.38,2.42,2.4,2.3900000000000006,0.020000000000000018,-0.7091576038544355
2019-08-31,2.6,1.12,3.74,3.6,2.26,2.13,0,2.6,2.59,2.54,2.5966666666666662,0.0,1.12,1.07,1.16,1.1033333333333335,0.0,3.74,3.64,3.68,3.706666666666667,0.0,3.7,3.6,3.8,3.633333333333333,-0.10000000000000009,2.13,2.37,2.22,2.233333333333333,0.1299999999999999,2.4,2.39,2.4,2.3033333333333332,-0.27,-0.6679500008445277
2019-09-30,2.6,1.12,3.74,3.5,2.2,2.04,0,2.6,2.59,2.54,2.6,0.0,1.12,1.07,1.16,1.12,0.0,3.74,3.64,3.68,3.74,0.0,3.6,3.6,3.8,3.5999999999999996,-0.10000000000000009,2.26,2.31,2.26,2.1966666666666668,-0.05999999999999961,2.13,2.38,2.41,2.19,-0.08999999999999986,-0.7121152212364746
2019-10-31,2.61,1.09,3.78,3.6,2.18,1.83,0,2.6,2.6,2.59,2.603333333333333,0.009999999999999787,1.12,1.12,1.07,1.11,-0.030000000000000027,3.74,3.74,3.64,3.7533333333333334,0.03999999999999959,3.5,3.7,3.7,3.5666666666666664,0.10000000000000009,2.2,2.13,2.14,2.2133333333333334,-0.020000000000000018,2.04,2.4,2.42,2.0,-0.20999999999999996,-0.7011597976185744
2019-11-30,2.61,1.09,3.78,3.6,2.08,1.55,0,2.61,2.6,2.59,2.6066666666666665,0.0,1.09,1.12,1.07,1.1000000000000003,0.0,3.78,3.74,3.64,3.766666666666667,0.0,3.6,3.6,3.6,3.5666666666666664,0.0,2.18,2.26,2.37,2.1533333333333338,-0.10000000000000009,1.83,2.13,2.39,1.8066666666666669,-0.28,-0.7460928625669189
2019-12-31,2.61,1.09,3.78,3.6,1.98,1.55,0,2.61,2.6,2.59,2.61,0.0,1.09,1.12,1.07,1.09,0.0,3.78,3.74,3.64,3.78,0.0,3.6,3.5,3.6,3.6,0.0,2.08,2.2,2.31,2.08,-0.10000000000000009,1.55,2.04,2.38,1.6433333333333338,0.0,-0.7910259275152637
2020-01-31,2.69,1.14,3.72,3.6,2.13,1.55,0,2.61,2.61,2.6,2.6366666666666663,0.08000000000000007,1.09,1.09,1.12,1.1066666666666667,0.04999999999999982,3.78,3.78,3.74,3.7600000000000002,-0.05999999999999961,3.6,3.6,3.7,3.6,0.0,1.98,2.18,2.13,2.0633333333333335,0.1499999999999999,1.55,1.83,2.4,1.55,0.0,-0.7017330886157142
2020-02-29,2.69,1.14,3.72,3.5,2.38,1.58,0,2.69,2.61,2.6,2.6633333333333327,0.0,1.14,1.09,1.12,1.1233333333333333,0.0,3.72,3.78,3.74,3.74,0.0,3.6,3.6,3.6,3.5666666666666664,-0.10000000000000009,2.13,2.08,2.26,2.163333333333333,0.25,1.55,1.55,2.13,1.5600000000000005,0.030000000000000027,-0.6066058076677929
2020-03-31,2.69,1.14,3.72,4.4,3.93,0.65,1,2.69,2.61,2.6,2.69,0.0,1.14,1.09,1.12,1.14,0.0,3.72,3.78,3.74,3.72,0.0,3.5,3.6,3.5,3.8333333333333335,0.9000000000000004,2.38,1.98,2.2,2.813333333333333,1.5500000000000003,1.58,1.55,2.04,1.2600000000000005,-0.93,0.244705131838012
2020-04-30,2.45,1.28,3.78,14.8,3.23,0.05,1,2.69,2.69,2.61,2.61,-0.23999999999999977,1.14,1.14,1.09,1.1866666666666668,0.14000000000000012,3.72,3.72,3.78,3.74,0.05999999999999961,4.4,3.6,3.6,7.566666666666666,10.4,3.93,2.13,2.18,3.1799999999999997,-0.7000000000000002,0.65,1.55,1.83,0.7600000000000003,-0.6,1.653853620754295
2020-05-31,2.45,1.28,3.78,13.2,3.08,0.05,0,2.45,2.69,2.61,2.53,0.0,1.28,1.14,1.09,1.2333333333333334,0.0,3.78,3.72,3.78,3.76,0.0,14.8,3.5,3.6,10.799999999999999,-1.6000000000000014,3.23,2.38,2.08,3.4133333333333336,-0.1499999999999999,0.05,1.58,1.55,0.2500000000000003,0.0,1.3111679205647329
2020-06-30,2.45,1.28,3.78,11.0,2.93,0.08,0,2.45,2.69,2.61,2.45,0.0,1.28,1.14,1.09,1.28,0.0,3.78,3.72,3.78,3.78,0.0,13.2,4.4,3.6,13.0,-2.1999999999999993,3.08,3.93,1.98,3.08,-0.1499999999999999,0.05,0.65,1.55,0.060000000000000296,0.03,0.8652499318375292
2020-07-31,1.99,1.3,3.6,10.2,2.6,0.09,0,2.45,2.45,2.69,2.2966666666666664,-0.4600000000000002,1.28,1.28,1.14,1.2866666666666668,0.020000000000000018,3.78,3.78,3.72,3.72,-0.17999999999999972,11.0,14.8,3.6,11.466666666666663,-0.8000000000000007,2.93,3.23,2.13,2.8699999999999997,-0.33000000000000007,0.08,0.05,1.55,0.07333333333333364,0.009999999999999995,0.4534416276315323
2020-08-31,1.99,1.3,3.6,8.4,2.67,0.1,0,1.99,2.45,2.69,2.143333333333333,0.0,1.3,1.28,1.14,1.2933333333333334,0.0,3.6,3.78,3.72,3.66,0.0,10.2,13.2,3.5,9.866666666666667,-1.799999999999999,2.6,3.08,2.38,2.733333333333333,0.06999999999999984,0.09,0.05,1.58,0.0900000000000003,0.010000000000000009,0.17519790748244787
2020-09-30,1.99,1.3,3.6,7.8,2.75,0.09,0,1.99,2.45,2.69,1.99,0.0,1.3,1.28,1.14,1.3,0.0,3.6,3.78,3.72,3.6,0.0,8.4,11.0,4.4,8.799999999999999,-0.6000000000000005,2.67,2.93,3.93,2.6733333333333333,0.08000000000000007,0.1,0.08,0.65,0.09333333333333362,-0.010000000000000009,0.10791207090348161
2020-10-31,2.1,1.24,2.68,6.9,2.61,0.09,0,1.99,1.99,2.45,2.0266666666666664,0.1100000000000001,1.3,1.3,1.28,1.28,-0.06000000000000005,3.6,3.6,3.78,3.2933333333333334,-0.9199999999999999,7.8,10.2,14.8,7.699999999999999,-0.8999999999999995,2.75,2.6,3.23,2.6766666666666663,-0.14000000000000012,0.09,0.09,0.05,0.09333333333333364,0.0,-0.07973944579974401
2020-11-30,2.1,1.24,2.68,6.7,2.29,0.09,0,2.1,1.99,2.45,2.063333333333333,0.0,1.24,1.3,1.28,1.26,0.0,2.68,3.6,3.78,2.986666666666667,0.0,6.9,8.4,13.2,7.133333333333333,-0.20000000000000018,2.61,2.67,3.08,2.5500000000000003,-0.31999999999999984,0.09,0.1,0.05,0.09,0.0,-0.25793601648032743
2020-12-31,2.1,1.24,2.68,6.7,2.18,0.09,0,2.1,1.99,2.45,2.1,0.0,1.24,1.3,1.28,1.24,0.0,2.68,3.6,3.78,2.68,0.0,6.7,7.8,11.0,6.766666666666666,0.0,2.29,2.75,2.93,2.36,-0.10999999999999988,0.09,0.09,0.08,0.09,0.0,-0.30736238792350645
2021-01-31,1.88,1.16,2.81,6.4,2.17,0.09,0,2.1,2.1,1.99,2.0266666666666664,-0.2200000000000002,1.24,1.24,1.3,1.2133333333333336,-0.08000000000000007,2.68,2.68,3.6,2.723333333333334,0.1299999999999999,6.7,6.9,10.2,6.6000000000000005,-0.2999999999999998,2.18,2.61,2.6,2.2133333333333334,-0.010000000000000231,0.09,0.09,0.09,0.09,0.0,-0.42367825274900145
2021-02-28,1.88,1.16,2.81,6.2,2.12,0.08,0,1.88,2.1,1.99,1.9533333333333331,0.0,1.16,1.24,1.3,1.1866666666666668,0.0,2.81,2.68,3.6,2.766666666666667,0.0,6.4,6.7,8.4,6.433333333333333,-0.20000000000000018,2.17,2.29,2.67,2.1566666666666667,-0.04999999999999982,0.09,0.09,0.1,0.08666666666666696,-0.009999999999999995,-0.48055554806905426
2021-03-31,1.88,1.16,2.81,6.1,2.03,0.07,0,1.88,2.1,1.99,1.88,0.0,1.16,1.24,1.3,1.16,0.0,2.81,2.68,3.6,2.81,0.0,6.2,6.7,7.8,6.233333333333333,-0.10000000000000053,2.12,2.18,2.75,2.106666666666667,-0.0900000000000003,0.08,0.09,0.09,0.0800000000000003,-0.009999999999999995,-0.538200687945505
2021-04-30,1.59,1.06,2.39,6.1,1.96,0.07,0,1.88,1.88,2.1,1.783333333333333,-0.2899999999999998,1.16,1.16,1.24,1.1266666666666667,-0.09999999999999987,2.81,2.81,2.68,2.67,-0.41999999999999993,6.1,6.4,6.9,6.133333333333333,0.0,2.03,2.17,2.61,2.0366666666666666,-0.06999999999999984,0.07,0.09,0.09,0.07333333333333364,0.0,-0.6490168337635889
2021-05-31,1.59,1.06,2.39,5.8,1.99,0.06,0,1.59,1.88,2.1,1.6866666666666663,0.0,1.06,1.16,1.24,1.0933333333333335,0.0,2.39,2.81,2.68,2.53,0.0,6.1,6.2,6.7,5.999999999999999,-0.2999999999999998,1.96,2.12,2.29,1.9933333333333332,0.030000000000000027,0.07,0.08,0.09,0.06666666666666697,-0.010000000000000009,-0.6871530585479064
2021-06-30,1.59,1.06,2.39,5.9,1.87,0.08,0,1.59,1.88,2.1,1.59,0.0,1.06,1.16,1.24,1.06,0.0,2.39,2.81,2.68,2.39,0.0,5.8,6.1,6.7,5.933333333333333,0.10000000000000053,1.99,2.03,2.18,1.9400000000000002,-0.11999999999999988,0.06,0.07,0.09,0.0700000000000003,0.020000000000000004,-0.7238673550629796
2021-07-31,1.53,1.03,1.8,5.4,1.95,0.1,0,1.59,1.59,1.88,1.5699999999999996,-0.06000000000000005,1.06,1.06,1.16,1.05,-0.030000000000000027,2.39,2.39,2.81,2.1933333333333334,-0.5900000000000001,5.9,6.1,6.4,5.699999999999999,-0.5,1.87,1.96,2.17,1.9366666666666668,0.07999999999999985,0.08,0.07,0.09,0.0800000000000003,0.020000000000000004,-0.7903677413267798
2021-08-31,1.53,1.03,1.8,5.1,1.94,0.09,0,1.53,1.59,1.88,1.5499999999999998,0.0,1.03,1.06,1.16,1.04,0.0,1.8,2.39,2.81,1.9966666666666668,0.0,5.4,5.8,6.2,5.466666666666666,-0.3000000000000007,1.95,1.99,2.12,1.92,-0.010000000000000009,0.1,0.06,0.08,0.0900000000000003,-0.010000000000000009,-0.8464771920904354
2021-09-30,1.53,1.03,1.8,4.7,1.85,0.08,0,1.53,1.59,1.88,1.53,0.0,1.03,1.06,1.16,1.03,0.0,1.8,2.39,2.81,1.8,0.0,5.1,5.9,6.1,5.066666666666666,-0.39999999999999947,1.94,1.87,2.03,1.9133333333333333,-0.08999999999999986,0.09,0.08,0.07,0.0900000000000003,-0.009999999999999995,-0.9557384762357066
2021-10-31,1.57,1.12,1.63,4.5,1.69,0.08,0,1.53,1.53,1.59,1.543333333333333,0.040000000000000036,1.03,1.03,1.06,1.0600000000000003,0.09000000000000008,1.8,1.8,2.39,1.7433333333333334,-0.17000000000000015,4.7,5.4,6.1,4.766666666666666,-0.20000000000000018,1.85,1.95,1.96,1.8266666666666669,-0.16000000000000014,0.08,0.1,0.07,0.08333333333333363,0.0,-1.0510955222604226
2021-11-30,1.57,1.12,1.63,4.1,1.81,0.08,0,1.57,1.53,1.59,1.5566666666666664,0.0,1.12,1.03,1.06,1.09,0.0,1.63,1.8,2.39,1.6866666666666665,0.0,4.5,5.1,5.8,4.433333333333333,-0.40000000000000036,1.69,1.94,1.99,1.7833333333333332,0.1200000000000001,0.08,0.09,0.06,0.08,0.0,-1.0659973700141703
2021-12-31,1.57,1.12,1.63,3.9,1.85,0.08,0,1.57,1.53,1.59,1.57,0.0,1.12,1.03,1.06,1.12,0.0,1.63,1.8,2.39,1.63,0.0,4.1,4.7,5.9,4.166666666666666,-0.19999999999999973,1.81,1.85,1.87,1.7833333333333332,0.040000000000000036,0.08,0.08,0.08,0.08,0.0,-1.0824349068807129
2022-01-31,1.69,1.05,1.73,4.0,1.93,0.08,0,1.57,1.57,1.53,1.6099999999999997,0.11999999999999988,1.12,1.12,1.03,1.0966666666666667,-0.07000000000000006,1.63,1.63,1.8,1.6633333333333333,0.10000000000000009,3.9,4.5,5.4,3.9999999999999996,0.10000000000000009,1.85,1.69,1.95,1.8633333333333333,0.07999999999999985,0.08,0.08,0.1,0.08,0.0,-0.9964432112835482
2022-02-28,1.69,1.05,1.73,3.9,2.34,0.08,0,1.69,1.57,1.53,1.6499999999999997,0.0,1.05,1.12,1.03,1.0733333333333335,0.0,1.73,1.63,1.8,1.6966666666666665,0.0,4.0,4.1,5.1,3.9333333333333322,-0.10000000000000009,1.93,1.81,1.94,2.0399999999999996,0.4099999999999999,0.08,0.08,0.09,0.08,0.0,-0.8294230264182757
2022-03-31,1.69,1.05,1.73,3.7,1.93,0.2,0,1.69,1.57,1.53,1.69,0.0,1.05,1.12,1.03,1.05,0.0,1.73,1.63,1.8,1.73,0.0,3.9,3.9,4.7,3.866666666666666,-0.19999999999999973,2.34,1.85,1.85,2.066666666666667,-0.4099999999999999,0.08,0.08,0.08,0.12000000000000029,0.12000000000000001,-1.0480593555523692
2022-04-30,1.83,1.03,1.86,3.7,2.05,0.33,0,1.69,1.69,1.57,1.7366666666666664,0.14000000000000012,1.05,1.05,1.12,1.0433333333333334,-0.020000000000000018,1.73,1.73,1.63,1.7733333333333334,0.13000000000000012,3.7,4.0,4.5,3.7666666666666657,0.0,1.93,1.93,1.69,2.1066666666666665,0.11999999999999988,0.2,0.08,0.08,0.20333333333333367,0.13,-0.9558265050295489
2022-05-31,1.83,1.03,1.86,3.6,2.18,0.77,0,1.83,1.69,1.57,1.783333333333333,0.0,1.03,1.05,1.12,1.0366666666666668,0.0,1.86,1.73,1.63,1.8166666666666667,0.0,3.7,3.9,4.1,3.666666666666666,-0.10000000000000009,2.05,2.34,1.81,2.0533333333333332,0.13000000000000034,0.33,0.08,0.08,0.4333333333333336,0.44,-0.914618902019641
2022-06-30,1.83,1.03,1.86,3.6,2.31,1.21,0,1.83,1.69,1.57,1.83,0.0,1.03,1.05,1.12,1.03,0.0,1.86,1.73,1.63,1.86,0.0,3.6,3.7,3.9,3.633333333333333,0.0,2.18,1.93,1.85,2.18,0.1299999999999999,0.77,0.2,0.08,0.7700000000000004,0.43999999999999995,-0.856205917586793
2022-07-31,2.05,1.12,2.1,3.5,2.36,1.68,0,1.83,1.83,1.69,1.903333333333333,0.21999999999999975,1.03,1.03,1.05,1.0600000000000003,0.09000000000000008,1.86,1.86,1.73,1.9400000000000002,0.24,3.6,3.7,4.0,3.5666666666666664,-0.10000000000000009,2.31,2.05,1.93,2.283333333333333,0.04999999999999982,1.21,0.33,0.08,1.2200000000000004,0.47,-0.7907383524737218
2022-08-31,2.05,1.12,2.1,3.6,2.18,2.33,0,2.05,1.83,1.69,1.9766666666666663,0.0,1.12,1.03,1.05,1.09,0.0,2.1,1.86,1.73,2.02,0.0,3.5,3.6,3.9,3.5666666666666664,0.10000000000000009,2.36,2.18,2.34,2.2833333333333337,-0.17999999999999972,1.68,0.77,0.08,1.7400000000000002,0.6500000000000001,-0.8544124879578017
2022-09-30,2.05,1.12,2.1,3.5,2.24,2.56,0,2.05,1.83,1.69,2.05,0.0,1.12,1.03,1.05,1.12,0.0,2.1,1.86,1.73,2.1,0.0,3.6,3.6,3.7,3.5333333333333328,-0.10000000000000009,2.18,2.31,1.93,2.2600000000000002,0.06000000000000005,2.33,1.21,0.2,2.1900000000000004,0.22999999999999998,-0.8446580304117353
2022-10-31,2.26,1.02,2.51,3.6,2.28,3.08,0,2.05,2.05,1.83,2.1199999999999997,0.20999999999999996,1.12,1.12,1.03,1.0866666666666667,-0.10000000000000009,2.1,2.1,1.86,2.236666666666667,0.4099999999999997,3.5,3.5,3.7,3.5666666666666664,0.10000000000000009,2.24,2.36,2.05,2.233333333333333,0.03999999999999959,2.56,1.68,0.33,2.656666666666667,0.52,-0.752009664132247
2022-11-30,2.26,1.02,2.51,3.6,2.15,3.78,0,2.26,2.05,1.83,2.1899999999999995,0.0,1.02,1.12,1.03,1.0533333333333335,0.0,2.51,2.1,1.86,2.373333333333333,0.0,3.6,3.6,3.6,3.5666666666666664,0.0,2.28,2.18,2.18,2.223333333333333,-0.1299999999999999,3.08,2.33,0.77,3.1400000000000006,0.6999999999999997,-0.8104226485650949
2022-12-31,2.26,1.02,2.51,3.5,1.99,4.1,0,2.26,2.05,1.83,2.26,0.0,1.02,1.12,1.03,1.02,0.0,2.51,2.1,1.86,2.51,0.0,3.6,3.5,3.6,3.5666666666666664,-0.10000000000000009,2.15,2.24,2.31,2.14,-0.15999999999999992,3.78,2.56,1.21,3.6533333333333338,0.31999999999999984,-0.8995209339053867
2023-01-31,2.47,0.97,2.86,3.5,1.9,4.33,0,2.26,2.26,2.05,2.3299999999999996,0.2100000000000004,1.02,1.02,1.12,1.0033333333333332,-0.050000000000000044,2.51,2.51,2.1,2.6266666666666665,0.3500000000000001,3.5,3.6,3.5,3.5333333333333328,0.0,1.99,2.28,2.36,2.013333333333333,-0.09000000000000008,4.1,3.08,1.68,4.07,0.23000000000000043,-0.8824909334816864
2023-02-28,2.47,0.97,2.86,3.6,1.9,4.57,0,2.47,2.26,2.05,2.4,0.0,0.97,1.02,1.12,0.9866666666666667,0.0,2.86,2.51,2.1,2.7433333333333336,0.0,3.5,3.6,3.6,3.5333333333333328,0.10000000000000009,1.9,2.15,2.18,1.93,0.0,4.33,3.78,2.33,4.333333333333334,0.2400000000000002,-0.865285552058746
2023-03-31,2.47,0.97,2.86,3.5,2.11,4.65,0,2.47,2.26,2.05,2.47,0.0,0.97,1.02,1.12,0.97,0.0,2.86,2.51,2.1,2.86,0.0,3.6,3.5,3.5,3.5333333333333328,-0.10000000000000009,1.9,1.99,2.24,1.9699999999999998,0.20999999999999996,4.57,4.1,2.56,4.5166666666666675,0.08000000000000007,-0.7881314970901627
2023-04-30,2.75,1.0,3.23,3.4,2.08,4.83,0,2.47,2.47,2.26,2.563333333333333,0.2799999999999998,0.97,0.97,1.02,0.9800000000000001,0.030000000000000027,2.86,2.86,2.51,2.983333333333333,0.3700000000000001,3.5,3.5,3.6,3.4999999999999996,-0.10000000000000009,2.11,1.9,2.28,2.03,-0.029999999999999805,4.65,4.33,3.08,4.6833333333333345,0.17999999999999972,-0.7421904528279928
2023-05-31,2.75,1.0,3.23,3.6,2.16,5.06,0,2.75,2.47,2.26,2.6566666666666663,0.0,1.0,0.97,1.02,0.9900000000000001,0.0,3.23,2.86,2.51,3.106666666666667,0.0,3.4,3.6,3.6,3.4999999999999996,0.20000000000000018,2.08,1.9,2.15,2.1166666666666667,0.08000000000000007,4.83,4.57,3.78,4.846666666666668,0.22999999999999954,-0.6718332380234363
2023-06-30,2.75,1.0,3.23,3.6,1.88,5.08,0,2.75,2.47,2.26,2.75,0.0,1.0,0.97,1.02,1.0,0.0,3.23,2.86,2.51,3.23,0.0,3.6,3.5,3.5,3.5333333333333328,0.0,2.16,2.11,1.99,2.04,-0.28000000000000025,5.06,4.65,4.1,4.990000000000001,0.020000000000000462,-0.7976458198788015
2023-07-31,2.94,0.98,3.76,3.5,1.77,5.12,0,2.75,2.75,2.47,2.8133333333333326,0.18999999999999995,1.0,1.0,0.97,0.9933333333333333,-0.020000000000000018,3.23,3.23,2.86,3.4066666666666663,0.5299999999999998,3.6,3.4,3.5,3.566666666666666,-0.10000000000000009,1.88,2.08,1.9,1.9366666666666668,-0.10999999999999988,5.08,4.83,4.33,5.086666666666667,0.040000000000000036,-0.8122811242369687
2023-08-31,2.94,0.98,3.76,3.7,1.83,5.33,0,2.94,2.75,2.47,2.8766666666666665,0.0,0.98,1.0,0.97,0.9866666666666667,0.0,3.76,3.23,2.86,3.5833333333333335,0.0,3.5,3.6,3.6,3.5999999999999996,0.20000000000000018,1.77,2.16,1.9,1.8266666666666669,0.06000000000000005,5.12,5.06,4.57,5.176666666666668,0.20999999999999996,-0.7509105224220812
2023-09-30,2.94,0.98,3.76,3.7,1.78,5.33,0,2.94,2.75,2.47,2.94,0.0,0.98,1.0,0.97,0.98,0.0,3.76,3.23,2.86,3.76,0.0,3.7,3.6,3.5,3.633333333333333,0.0,1.83,1.88,2.11,1.7933333333333332,-0.050000000000000044,5.33,5.08,4.65,5.260000000000001,0.0,-0.7733770548962534
2023-10-31,3.1,1.02,4.19,3.9,1.85,5.33,0,2.94,2.94,2.75,2.9933333333333327,0.16000000000000014,0.98,0.98,1.0,0.9933333333333335,0.040000000000000036,3.76,3.76,3.23,3.9033333333333338,0.4300000000000006,3.7,3.5,3.4,3.766666666666666,0.19999999999999973,1.78,1.77,2.08,1.82,0.07000000000000006,5.33,5.12,4.83,5.33,0.0,-0.6637266636324667
2023-11-30,3.1,1.02,4.19,3.7,1.67,5.33,0,3.1,2.94,2.75,3.046666666666667,0.0,1.02,0.98,1.0,1.0066666666666668,0.0,4.19,3.76,3.23,4.046666666666667,0.0,3.9,3.7,3.6,3.7666666666666657,-0.19999999999999973,1.85,1.83,2.16,1.7666666666666666,-0.18000000000000016,5.33,5.33,5.06,5.33,0.0,-0.7790169433853675
2023-12-31,3.1,1.02,4.19,3.8,1.61,5.33,0,3.1,2.94,2.75,3.1,0.0,1.02,0.98,1.0,1.02,0.0,4.19,3.76,3.23,4.19,0.0,3.7,3.7,3.6,3.7999999999999994,0.09999999999999964,1.67,1.78,1.88,1.71,-0.05999999999999983,5.33,5.33,5.08,5.33,0.0,-0.788771400931434
2024-01-31,3.17,1.11,4.4,3.7,1.61,5.33,0,3.1,3.1,2.94,3.123333333333333,0.06999999999999984,1.02,1.02,0.98,1.05,0.09000000000000008,4.19,4.19,3.76,4.260000000000001,0.20999999999999996,3.8,3.9,3.5,3.733333333333333,-0.09999999999999964,1.61,1.85,1.77,1.6300000000000001,0.0,5.33,5.33,5.12,5.33,0.0,-0.7868201960619711
2024-02-29,3.17,1.11,4.4,3.9,1.55,5.33,0,3.17,3.1,2.94,3.1466666666666665,0.0,1.11,1.02,0.98,1.08,0.0,4.4,4.19,3.76,4.330000000000001,0.0,3.7,3.7,3.7,3.7999999999999994,0.19999999999999973,1.61,1.67,1.83,1.59,-0.06000000000000005,5.33,5.33,5.33,5.33,0.0,-0.7793692721850972
2024-03-31,3.17,1.11,4.4,3.9,1.5,5.33,0,3.17,3.1,2.94,3.17,0.0,1.11,1.02,0.98,1.11,0.0,4.4,4.19,3.76,4.4,0.0,3.9,3.8,3.7,3.8333333333333326,0.0,1.55,1.61,1.78,1.5533333333333335,-0.050000000000000044,5.33,5.33,5.33,5.33,0.0,-0.8018358046592695
2024-04-30,3.22,1.14,4.56,3.9,1.44,5.33,0,3.17,3.17,3.1,3.186666666666666,0.050000000000000266,1.11,1.11,1.02,1.12,0.029999999999999805,4.4,4.4,4.19,4.453333333333334,0.15999999999999925,3.9,3.7,3.9,3.9,0.0,1.5,1.61,1.85,1.4966666666666668,-0.06000000000000005,5.33,5.33,5.33,5.33,0.0,-0.815112367705131
2024-05-31,3.22,1.14,4.56,3.9,1.46,5.33,0,3.22,3.17,3.1,3.203333333333333,0.0,1.14,1.11,1.02,1.1300000000000001,0.0,4.56,4.4,4.19,4.506666666666667,0.0,3.9,3.9,3.7,3.9,0.0,1.44,1.55,1.67,1.4666666666666668,0.020000000000000018,5.33,5.33,5.33,5.33,0.0,-0.806125754715462
2024-06-30,3.22,1.14,4.56,4.1,1.55,5.33,0,3.22,3.17,3.1,3.22,0.0,1.14,1.11,1.02,1.14,0.0,4.56,4.4,4.19,4.56,0.0,3.9,3.9,3.8,3.9666666666666663,0.19999999999999973,1.46,1.5,1.61,1.4833333333333334,0.09000000000000008,5.33,5.33,5.33,5.33,0.0,-0.7312752334160711
2024-07-31,3.2,1.18,4.69,4.2,1.68,5.33,0,3.22,3.22,3.17,3.2133333333333334,-0.020000000000000018,1.14,1.14,1.11,1.1533333333333333,0.040000000000000036,4.56,4.56,4.4,4.603333333333333,0.13000000000000078,4.1,3.9,3.7,4.0666666666666655,0.10000000000000053,1.55,1.44,1.61,1.5633333333333332,0.1299999999999999,5.33,5.33,5.33,5.33,0.0,-0.661130177929541
2024-08-31,3.2,1.18,4.69,4.2,1.69,5.33,0,3.2,3.22,3.17,3.2066666666666666,0.0,1.18,1.14,1.11,1.1666666666666667,0.0,4.69,4.56,4.4,4.646666666666667,0.0,4.2,3.9,3.9,4.166666666666665,0.0,1.68,1.46,1.55,1.64,0.010000000000000009,5.33,5.33,5.33,5.33,0.0,-0.6566368714347065
2024-09-30,3.2,1.18,4.69,4.1,1.63,5.13,0,3.2,3.22,3.17,3.2,0.0,1.18,1.14,1.11,1.18,0.0,4.69,4.56,4.4,4.69,0.0,4.2,4.1,3.9,4.166666666666667,-0.10000000000000053,1.69,1.55,1.5,1.6666666666666667,-0.06000000000000005,5.33,5.33,5.33,5.2633333333333345,-0.20000000000000018,-0.7008020918266538
2024-10-31,3.08,1.27,4.58,4.1,1.46,4.83,0,3.2,3.2,3.22,3.16,-0.1200000000000001,1.18,1.18,1.14,1.2100000000000002,0.09000000000000008,4.69,4.69,4.56,4.653333333333333,-0.11000000000000032,4.1,4.2,3.9,4.133333333333333,0.0,1.63,1.68,1.44,1.593333333333333,-0.16999999999999993,5.13,5.33,5.33,5.096666666666668,-0.2999999999999998,-0.8100281644543883
2024-11-30,3.08,1.27,4.58,4.2,1.44,4.64,0,3.08,3.2,3.22,3.1199999999999997,0.0,1.27,1.18,1.14,1.24,0.0,4.58,4.69,4.56,4.616666666666667,0.0,4.1,4.2,3.9,4.133333333333333,0.10000000000000053,1.46,1.69,1.46,1.5099999999999998,-0.020000000000000018,4.83,5.33,5.33,4.866666666666667,-0.1900000000000004,-0.8018093960211168
2024-12-31,3.08,1.27,4.58,4.1,1.42,4.48,0,3.08,3.2,3.22,3.08,0.0,1.27,1.18,1.14,1.27,0.0,4.58,4.69,4.56,4.58,0.0,4.2,4.1,4.1,4.133333333333332,-0.10000000000000053,1.44,1.63,1.55,1.4400000000000002,-0.020000000000000018,4.64,5.13,5.33,4.650000000000001,-0.15999999999999925,-0.8280013904337261
2025-01-31,3.06,1.29,4.43,4.0,1.45,4.33,0,3.08,3.08,3.2,3.073333333333333,-0.020000000000000018,1.27,1.27,1.18,1.2766666666666666,0.020000000000000018,4.58,4.58,4.69,4.53,-0.15000000000000036,4.1,4.1,4.2,4.099999999999999,-0.09999999999999964,1.42,1.46,1.68,1.4366666666666665,0.030000000000000027,4.48,4.83,5.33,4.483333333333333,-0.15000000000000036,-0.8372001627414211
2025-02-28,3.06,1.29,4.43,4.2,1.57,4.33,0,3.06,3.08,3.2,3.0666666666666664,0.0,1.29,1.27,1.18,1.2833333333333334,0.0,4.43,4.58,4.69,4.4799999999999995,0.0,4.0,4.2,4.2,4.099999999999999,0.20000000000000018,1.45,1.44,1.69,1.4799999999999998,0.1200000000000001,4.33,4.64,5.33,4.380000000000001,0.0,-0.748869721957527
2025-03-31,3.06,1.29,4.43,4.2,1.76,4.33,0,3.06,3.08,3.2,3.06,0.0,1.29,1.27,1.18,1.29,0.0,4.43,4.58,4.69,4.43,0.0,4.2,4.1,4.1,4.133333333333333,0.0,1.57,1.42,1.63,1.5933333333333335,0.18999999999999995,4.33,4.48,5.13,4.33,0.0,-0.6634968985556721
2025-04-30,3.04,1.28,4.18,4.2,1.96,4.33,0,3.06,3.06,3.08,3.053333333333333,-0.020000000000000018,1.29,1.29,1.27,1.2866666666666668,-0.010000000000000009,4.43,4.43,4.58,4.346666666666667,-0.25,4.2,4.0,4.1,4.2,0.0,1.76,1.45,1.46,1.7633333333333334,0.19999999999999996,4.33,4.33,4.83,4.33,0.0,-0.579104079028241
2025-05-31,3.04,1.28,4.18,4.3,1.84,4.33,0,3.04,3.06,3.08,3.0466666666666664,0.0,1.28,1.29,1.27,1.2833333333333334,0.0,4.18,4.43,4.58,4.263333333333333,0.0,4.2,4.2,4.2,4.233333333333333,0.09999999999999964,1.96,1.57,1.44,1.8533333333333335,-0.11999999999999988,4.33,4.33,4.64,4.33,0.0,-0.6158183755433142
2025-06-30,3.04,1.28,4.18,4.1,1.75,4.33,0,3.04,3.06,3.08,3.04,0.0,1.28,1.29,1.27,1.28,0.0,4.18,4.43,4.58,4.18,0.0,4.3,4.2,4.1,4.199999999999999,-0.20000000000000018,1.84,1.76,1.42,1.8500000000000003,-0.09000000000000008,4.33,4.33,4.48,4.33,0.0,-0.6906688968427052
2025-07-31,2.98,1.33,4.18,4.3,1.67,4.33,0,3.04,3.04,3.06,3.0199999999999996,-0.06000000000000005,1.28,1.28,1.29,1.2966666666666669,0.050000000000000044,4.18,4.18,4.43,4.18,0.0,4.1,4.2,4.0,4.233333333333333,0.20000000000000018,1.75,1.96,1.45,1.7533333333333332,-0.08000000000000007,4.33,4.33,4.33,4.33,0.0,-0.7086245170632745
2025-08-31,2.98,1.33,4.18,4.3,1.8,4.33,0,2.98,3.04,3.06,2.9999999999999996,0.0,1.33,1.28,1.29,1.3133333333333335,0.0,4.18,4.18,4.43,4.18,0.0,4.3,4.3,4.2,4.2333333333333325,0.0,1.67,1.84,1.57,1.74,0.13000000000000012,4.33,4.33,4.33,4.33,0.0,-0.6502115326304265
2025-09-30,2.98,1.33,4.18,4.4,1.67,4.22,0,2.98,3.04,3.06,2.98,0.0,1.33,1.28,1.29,1.33,0.0,4.18,4.18,4.43,4.18,0.0,4.3,4.1,4.2,4.333333333333333,0.10000000000000053,1.8,1.75,1.76,1.7133333333333332,-0.13000000000000012,4.33,4.33,4.33,4.293333333333334,-0.11000000000000032,-0.691419135640334
2025-10-31,2.94,1.34,4.11,4.4,1.69,4.09,0,2.98,2.98,3.04,2.9666666666666663,-0.040000000000000036,1.33,1.33,1.28,1.3333333333333333,0.010000000000000009,4.18,4.18,4.18,4.156666666666667,-0.0699999999999994,4.4,4.3,4.2,4.366666666666666,0.0,1.67,1.67,1.96,1.72,0.020000000000000018,4.22,4.33,4.33,4.213333333333334,-0.1299999999999999,-0.6933791433891816
2025-11-30,2.94,1.34,4.11,4.5,1.78,3.88,0,2.94,2.98,3.04,2.953333333333333,0.0,1.34,1.33,1.28,1.336666666666667,0.0,4.11,4.18,4.18,4.133333333333333,0.0,4.4,4.3,4.3,4.433333333333333,0.09999999999999964,1.69,1.8,1.84,1.7133333333333336,0.09000000000000008,4.09,4.33,4.33,4.0633333333333335,-0.20999999999999996,-0.635734003512731
2025-12-31,2.94,1.34,4.11,4.4,1.72,3.72,0,2.94,2.98,3.04,2.94,0.0,1.34,1.33,1.28,1.34,0.0,4.11,4.18,4.18,4.11,0.0,4.5,4.4,4.1,4.433333333333333,-0.09999999999999964,1.78,1.67,1.75,1.7300000000000002,-0.06000000000000005,3.88,4.22,4.33,3.896666666666667,-0.1599999999999997,-0.679899223904678
2026-01-31,2.94,1.34,4.11,4.3,1.62,3.64,0,2.94,2.94,2.98,2.94,0.0,1.34,1.34,1.33,1.34,0.0,4.11,4.11,4.18,4.11,0.0,4.4,4.4,4.3,4.3999999999999995,-0.10000000000000053,1.72,1.69,1.67,1.7066666666666668,-0.09999999999999987,3.72,4.09,4.33,3.7466666666666675,-0.08000000000000007,-0.742037670275963
2026-02-28,,,,4.4,1.8,3.64,0,2.94,2.94,2.98,,,1.34,1.34,1.33,,,4.11,4.11,4.18,,,4.3,4.5,4.3,4.366666666666666,0.10000000000000053,1.62,1.78,1.8,1.7133333333333336,0.17999999999999994,3.64,3.88,4.33,3.6666666666666674,0.0,-0.7642866333327167
2026-03-31,,,,4.4,1.85,3.64,0,,2.94,2.98,,,,1.34,1.33,,,,4.11,4.18,,,4.4,4.4,4.4,4.366666666666666,0.0,1.8,1.72,1.67,1.7566666666666668,0.050000000000000044,3.64,3.72,4.22,3.64,0.0,-0.7305868346214582
